well_id,md,inclination,azimuth,tvd,northing,easting,provenance
VOLVE_NO_15_9_F_12,0,0.0,210.0,0,0.0,0.0,PUBLIC
VOLVE_NO_15_9_F_12,100,2.0,210.0,100,30.0,20.0,PUBLIC
VOLVE_NO_15_9_F_12,200,4.0,210.0,200,60.0,40.0,PUBLIC
VOLVE_NO_15_9_F_12,300,6.0,210.0,300,90.0,60.0,PUBLIC
VOLVE_NO_15_9_F_12,400,8.0,210.0,400,120.0,80.0,PUBLIC
VOLVE_NO_15_9_F_12,500,10.0,210.0,500,150.0,100.0,PUBLIC
VOLVE_NO_15_9_F_12,600,12.0,210.0,564.0,180.0,120.0,PUBLIC
VOLVE_NO_15_9_F_12,700,14.0,210.0,658.0,210.0,140.0,PUBLIC
VOLVE_NO_15_9_F_12,800,16.0,210.0,752.0,240.0,160.0,PUBLIC
VOLVE_NO_15_9_F_12,900,18.0,210.0,846.0,270.0,180.0,PUBLIC
VOLVE_NO_15_9_F_12,1000,20.0,210.0,940.0,300.0,200.0,PUBLIC
VOLVE_NO_15_9_F_12,1100,22.0,210.0,1034.0,330.0,220.0,PUBLIC
VOLVE_NO_15_9_F_12,1200,24.0,210.0,1128.0,360.0,240.0,PUBLIC
VOLVE_NO_15_9_F_12,1300,26.0,210.0,1222.0,390.0,260.0,PUBLIC
VOLVE_NO_15_9_F_12,1400,28.0,210.0,1316.0,420.0,280.0,PUBLIC
VOLVE_NO_15_9_F_12,1500,30.0,210.0,1410.0,450.0,300.0,PUBLIC
VOLVE_NO_15_9_F_12,1600,32.0,210.0,1504.0,480.0,320.0,PUBLIC
VOLVE_NO_15_9_F_12,1700,34.0,210.0,1598.0,510.0,340.0,PUBLIC
VOLVE_NO_15_9_F_12,1800,36.0,210.0,1692.0,540.0,360.0,PUBLIC
VOLVE_NO_15_9_F_12,1900,38.0,210.0,1786.0,570.0,380.0,PUBLIC
VOLVE_NO_15_9_F_12,2000,40.0,210.0,1880.0,600.0,400.0,PUBLIC
VOLVE_NO_15_9_F_12,2100,42.0,210.0,1974.0,630.0,420.0,PUBLIC
VOLVE_NO_15_9_F_12,2200,42.0,210.0,2068.0,660.0,440.0,PUBLIC
VOLVE_NO_15_9_F_12,2300,42.0,210.0,2162.0,690.0,460.0,PUBLIC
VOLVE_NO_15_9_F_12,2400,42.0,210.0,2256.0,720.0,480.0,PUBLIC
