well_id,uwi,well_name,field,latitude,longitude,datum,total_depth_md,total_depth_tvd,well_type,status,operator,spud_date,completion_date,provenance_type
c1f7a012-3b4c-4e89-9a11-000000000005,IN-OIL-NAHORKATIYA-SYN-NHK-05,SYN-NHK-05,Nahorkatiya,27.2885,95.3345,KB,3150.0,3027.5,EXPLORATION,DRILLING,Oil India Limited,2023-01-10,2023-06-15,SYNTHETIC
c1f7a012-3b4c-4e89-9a11-000000000001,IN-OIL-NAHORKATIYA-SYN-NHK-01,SYN-NHK-01,Nahorkatiya,27.2798,95.3211,KB,4520.0,4398.8,EXPLORATION,COMPLETED,Oil India Limited,2023-01-10,2023-06-15,SYNTHETIC
c1f7a012-3b4c-4e89-9a11-000000000002,IN-OIL-NAHORKATIYA-SYN-NHK-02,SYN-NHK-02,Nahorkatiya,27.2954,95.3488,KB,4380.0,4256.0,EXPLORATION,COMPLETED,Oil India Limited,2023-01-10,2023-06-15,SYNTHETIC
c1f7a012-3b4c-4e89-9a11-000000000003,IN-OIL-NAHORKATIYA-SYN-NHK-03,SYN-NHK-03,Nahorkatiya,27.2655,95.3122,KB,3420.0,3300.2,EXPLORATION,COMPLETED,Oil India Limited,2023-01-10,2023-06-15,SYNTHETIC
c1f7a012-3b4c-4e89-9a11-000000000004,IN-OIL-NAHORKATIYA-SYN-NHK-04,SYN-NHK-04,Nahorkatiya,27.3112,95.3621,KB,2950.0,2823.9,EXPLORATION,COMPLETED,Oil India Limited,2023-01-10,2023-06-15,SYNTHETIC
c1f7a012-3b4c-4e89-9a11-000000000006,IN-OIL-MORAN-SYN-MORAN-01,SYN-MORAN-01,Moran,27.1855,94.9312,KB,3850.0,3734.6,EXPLORATION,COMPLETED,Oil India Limited,2023-01-10,2023-06-15,SYNTHETIC
c1f7a012-3b4c-4e89-9a11-000000000007,IN-OIL-MORAN-SYN-MORAN-02,SYN-MORAN-02,Moran,27.1992,94.9455,KB,3920.0,3803.0,EXPLORATION,COMPLETED,Oil India Limited,2023-01-10,2023-06-15,SYNTHETIC
c1f7a012-3b4c-4e89-9a11-000000000008,IN-OIL-BAGHJAN-SYN-BGJ-01,SYN-BGJ-01,Baghjan,27.5812,95.3522,KB,4100.0,3971.5,EXPLORATION,COMPLETED,Oil India Limited,2023-01-10,2023-06-15,SYNTHETIC
c1f7a012-3b4c-4e89-9a11-000000000009,IN-OIL-BAGHJAN-SYN-BGJ-02,SYN-BGJ-02,Baghjan,27.5925,95.3688,KB,4250.0,4119.8,EXPLORATION,COMPLETED,Oil India Limited,2023-01-10,2023-06-15,SYNTHETIC
c1f7a012-3b4c-4e89-9a11-000000000010,IN-OIL-BAGHJAN-SYN-BGJ-03,SYN-BGJ-03,Baghjan,27.5701,95.3395,KB,3980.0,3853.0,EXPLORATION,COMPLETED,Oil India Limited,2023-01-10,2023-06-15,SYNTHETIC
c1f7a012-3b4c-4e89-9a11-000000000011,IN-OIL-NAHORKATIYA-SYN-NHK-06,SYN-NHK-06,Nahorkatiya,27.275,95.33,KB,3600.0,3480.0,EXPLORATION,COMPLETED,Oil India Limited,2023-01-10,2023-06-15,SYNTHETIC
c1f7a012-3b4c-4e89-9a11-000000000012,IN-OIL-NAHORKATIYA-SYN-NHK-07,SYN-NHK-07,Nahorkatiya,27.305,95.355,KB,3750.0,3625.0,EXPLORATION,COMPLETED,Oil India Limited,2023-01-10,2023-06-15,SYNTHETIC
c1f7a012-3b4c-4e89-9a11-000000000013,IN-OIL-MORAN-SYN-MORAN-03,SYN-MORAN-03,Moran,27.19,94.94,KB,4000.0,3884.0,EXPLORATION,COMPLETED,Oil India Limited,2023-01-10,2023-06-15,SYNTHETIC
c1f7a012-3b4c-4e89-9a11-000000000014,IN-OIL-BAGHJAN-SYN-BGJ-04,SYN-BGJ-04,Baghjan,27.585,95.36,KB,4300.0,4171.0,EXPLORATION,COMPLETED,Oil India Limited,2023-01-10,2023-06-15,SYNTHETIC
c1f7a012-3b4c-4e89-9a11-000000000015,IN-OIL-BAGHJAN-SYN-BGJ-05,SYN-BGJ-05,Baghjan,27.575,95.345,KB,4150.0,4022.0,EXPLORATION,COMPLETED,Oil India Limited,2023-01-10,2023-06-15,SYNTHETIC
VOLVE_NO_15_9_F_12,NO-15/9-F-12,15/9-F-12,Volve,58.4419,1.8863,KB,3420.0,3105.0,DEVELOPMENT,COMPLETED,Equinor,2008-02-14,2008-05-18,PUBLIC
FORCE_15_9_13,NO-15/9-13,15/9-13,North Sea Block 15/9,58.3712,1.854,KB,3250.0,3210.0,EXPLORATION,COMPLETED,FORCE Consortium,2010-06-01,2010-09-12,PUBLIC
NLOG_L07_01,NL-L07-01,L07-01,Offshore Netherlands,53.6021,4.2155,KB,2980.0,2920.0,APPRAISAL,COMPLETED,Nederlandse Aardolie Maatschappij (NAM),2005-04-10,2005-07-20,PUBLIC
