timestamp,well_id,md,tvd,tvdss,rop,wob,rpm,torque,hook_load,spp,flow_rate,mud_weight_in,mud_weight_out,ecd,pit_volume,pump_rate,mse,torque_anomaly,ecd_margin,rop_anomaly,pressure_anomaly,provenance_type
1700000000.0,SYN-NHK-05,2400,2352.0,2229.5,18.5,18.2,95.0,12.8,185.0,2950.0,640.0,1.16,1.16,1.21,320.0,640.0,332.9,1.0,0.07,0.0,0.05,SYNTHETIC
1700000001.0,SYN-NHK-05,2401,2353.0,2230.5,18.5,18.2,95.0,12.8,185.0,2950.0,640.0,1.16,1.16,1.21,320.0,640.0,332.9,1.0,0.07,0.0,0.05,SYNTHETIC
1700000002.0,SYN-NHK-05,2402,2354.0,2231.5,18.5,18.2,95.0,12.8,185.0,2950.0,640.0,1.16,1.16,1.21,320.0,640.0,332.9,1.0,0.07,0.0,0.05,SYNTHETIC
1700000003.0,SYN-NHK-05,2403,2354.9,2232.4,18.5,18.2,95.0,12.8,185.0,2950.0,640.0,1.16,1.16,1.21,320.0,640.0,332.9,1.0,0.07,0.0,0.05,SYNTHETIC
1700000004.0,SYN-NHK-05,2404,2355.9,2233.4,18.5,18.2,95.0,12.8,185.0,2950.0,640.0,1.16,1.16,1.21,320.0,640.0,332.9,1.0,0.07,0.0,0.05,SYNTHETIC
1700000005.0,SYN-NHK-05,2405,2356.9,2234.4,18.5,18.2,95.0,12.8,185.0,2950.0,640.0,1.16,1.16,1.21,320.0,640.0,332.9,1.0,0.07,0.0,0.05,SYNTHETIC
1700000006.0,SYN-NHK-05,2406,2357.9,2235.4,18.5,18.2,95.0,12.8,185.0,2950.0,640.0,1.16,1.16,1.21,320.0,640.0,332.9,1.0,0.07,0.0,0.05,SYNTHETIC
1700000007.0,SYN-NHK-05,2407,2358.9,2236.4,18.5,18.2,95.0,12.8,185.0,2950.0,640.0,1.16,1.16,1.21,320.0,640.0,332.9,1.0,0.07,0.0,0.05,SYNTHETIC
1700000008.0,SYN-NHK-05,2408,2359.8,2237.3,18.5,18.2,95.0,12.8,185.0,2950.0,640.0,1.16,1.16,1.21,320.0,640.0,332.9,1.0,0.07,0.0,0.05,SYNTHETIC
1700000009.0,SYN-NHK-05,2409,2360.8,2238.3,18.5,18.2,95.0,12.8,185.0,2950.0,640.0,1.16,1.16,1.21,320.0,640.0,332.9,1.0,0.07,0.0,0.05,SYNTHETIC
1700000010.0,SYN-NHK-05,2410,2361.8,2239.3,18.5,18.2,95.0,12.8,185.0,2950.0,640.0,1.16,1.16,1.21,320.0,640.0,332.9,1.0,0.07,0.0,0.05,SYNTHETIC
1700000011.0,SYN-NHK-05,2411,2362.8,2240.3,18.5,18.2,95.0,12.8,185.0,2950.0,640.0,1.16,1.16,1.21,320.0,640.0,332.9,1.0,0.07,0.0,0.05,SYNTHETIC
1700000012.0,SYN-NHK-05,2412,2363.8,2241.3,18.5,18.2,95.0,12.8,185.0,2950.0,640.0,1.16,1.16,1.21,320.0,640.0,332.9,1.0,0.07,0.0,0.05,SYNTHETIC
1700000013.0,SYN-NHK-05,2413,2364.7,2242.2,12.2,18.2,95.0,15.4,185.0,2950.0,640.0,1.16,1.16,1.21,320.0,640.0,342.9,1.25,0.07,-0.34,0.05,SYNTHETIC
1700000014.0,SYN-NHK-05,2414,2365.7,2243.2,12.2,18.2,95.0,15.4,185.0,2950.0,640.0,1.16,1.16,1.21,320.0,640.0,342.9,1.25,0.07,-0.34,0.05,SYNTHETIC
1700000015.0,SYN-NHK-05,2415,2366.7,2244.2,12.2,18.2,95.0,15.4,185.0,2950.0,640.0,1.16,1.16,1.21,320.0,640.0,342.9,1.25,0.07,-0.34,0.05,SYNTHETIC
1700000016.0,SYN-NHK-05,2416,2367.7,2245.2,12.2,18.2,95.0,15.4,185.0,2950.0,640.0,1.16,1.16,1.21,320.0,640.0,342.9,1.25,0.07,-0.34,0.05,SYNTHETIC
1700000017.0,SYN-NHK-05,2417,2368.7,2246.2,12.2,18.2,95.0,15.4,185.0,2950.0,640.0,1.16,1.16,1.21,320.0,640.0,342.9,1.25,0.07,-0.34,0.05,SYNTHETIC
1700000018.0,SYN-NHK-05,2418,2369.6,2247.1,12.2,18.2,95.0,15.4,185.0,2950.0,640.0,1.16,1.16,1.21,320.0,640.0,342.9,1.25,0.07,-0.34,0.05,SYNTHETIC
1700000019.0,SYN-NHK-05,2419,2370.6,2248.1,12.2,18.2,95.0,15.4,185.0,2950.0,640.0,1.16,1.16,1.21,320.0,640.0,342.9,1.25,0.07,-0.34,0.05,SYNTHETIC
1700000020.0,SYN-NHK-05,2420,2371.6,2249.1,12.2,18.2,95.0,15.4,185.0,2950.0,640.0,1.16,1.16,1.21,320.0,640.0,342.9,1.25,0.07,-0.34,0.05,SYNTHETIC
1700000021.0,SYN-NHK-05,2421,2372.6,2250.1,12.2,18.2,95.0,15.4,185.0,2950.0,640.0,1.16,1.16,1.21,320.0,640.0,342.9,1.25,0.07,-0.34,0.05,SYNTHETIC
1700000022.0,SYN-NHK-05,2422,2373.6,2251.1,12.2,18.2,95.0,15.4,185.0,2950.0,640.0,1.16,1.16,1.21,320.0,640.0,342.9,1.25,0.07,-0.34,0.05,SYNTHETIC
1700000023.0,SYN-NHK-05,2423,2374.5,2252.0,12.2,18.2,95.0,15.4,185.0,2950.0,640.0,1.16,1.16,1.21,320.0,640.0,342.9,1.25,0.07,-0.34,0.05,SYNTHETIC
1700000024.0,SYN-NHK-05,2424,2375.5,2253.0,12.2,18.2,95.0,15.4,185.0,2950.0,640.0,1.16,1.16,1.21,320.0,640.0,342.9,1.25,0.07,-0.34,0.05,SYNTHETIC
1700000025.0,SYN-NHK-05,2425,2376.5,2254.0,12.2,18.2,95.0,15.4,185.0,2950.0,640.0,1.16,1.16,1.21,320.0,640.0,342.9,1.25,0.07,-0.34,0.05,SYNTHETIC
1700000026.0,SYN-NHK-05,2426,2377.5,2255.0,12.2,18.2,95.0,15.4,185.0,2950.0,640.0,1.16,1.16,1.21,320.0,640.0,342.9,1.25,0.07,-0.34,0.05,SYNTHETIC
1700000027.0,SYN-NHK-05,2427,2378.5,2256.0,12.2,18.2,95.0,15.4,185.0,2950.0,640.0,1.16,1.16,1.21,320.0,640.0,342.9,1.25,0.07,-0.34,0.05,SYNTHETIC
1700000028.0,SYN-NHK-05,2428,2379.4,2256.9,12.2,18.2,95.0,15.4,185.0,2950.0,640.0,1.16,1.16,1.21,320.0,640.0,342.9,1.25,0.07,-0.34,0.05,SYNTHETIC
1700000029.0,SYN-NHK-05,2429,2380.4,2257.9,12.2,18.2,95.0,15.4,185.0,2950.0,640.0,1.16,1.16,1.21,320.0,640.0,342.9,1.25,0.07,-0.34,0.05,SYNTHETIC
1700000030.0,SYN-NHK-05,2430,2381.4,2258.9,12.2,18.2,95.0,15.4,185.0,2950.0,640.0,1.16,1.16,1.21,320.0,640.0,342.9,1.25,0.07,-0.34,0.05,SYNTHETIC
1700000031.0,SYN-NHK-05,2431,2382.4,2259.9,12.2,18.2,95.0,15.4,185.0,2950.0,640.0,1.16,1.16,1.21,320.0,640.0,342.9,1.25,0.07,-0.34,0.05,SYNTHETIC
1700000032.0,SYN-NHK-05,2432,2383.4,2260.9,12.2,18.2,95.0,15.4,185.0,2950.0,640.0,1.16,1.16,1.21,320.0,640.0,342.9,1.25,0.07,-0.34,0.05,SYNTHETIC
1700000033.0,SYN-NHK-05,2433,2384.3,2261.8,12.2,18.2,95.0,15.4,185.0,2950.0,640.0,1.16,1.16,1.21,320.0,640.0,342.9,1.25,0.07,-0.34,0.05,SYNTHETIC
1700000034.0,SYN-NHK-05,2434,2385.3,2262.8,12.2,18.2,95.0,15.4,185.0,2950.0,640.0,1.16,1.16,1.21,320.0,640.0,342.9,1.25,0.07,-0.34,0.05,SYNTHETIC
1700000035.0,SYN-NHK-05,2435,2386.3,2263.8,12.2,18.2,95.0,15.4,185.0,2950.0,640.0,1.16,1.16,1.21,320.0,640.0,342.9,1.25,0.07,-0.34,0.05,SYNTHETIC
1700000036.0,SYN-NHK-05,2436,2387.3,2264.8,12.2,18.2,95.0,15.4,185.0,2950.0,640.0,1.16,1.16,1.21,320.0,640.0,342.9,1.25,0.07,-0.34,0.05,SYNTHETIC
1700000037.0,SYN-NHK-05,2437,2388.3,2265.8,12.2,18.2,95.0,15.4,185.0,2950.0,640.0,1.16,1.16,1.21,320.0,640.0,342.9,1.25,0.07,-0.34,0.05,SYNTHETIC
1700000038.0,SYN-NHK-05,2438,2389.2,2266.7,12.2,18.2,95.0,15.4,185.0,2950.0,640.0,1.16,1.16,1.21,320.0,640.0,342.9,1.25,0.07,-0.34,0.05,SYNTHETIC
1700000039.0,SYN-NHK-05,2439,2390.2,2267.7,12.2,18.2,95.0,15.4,185.0,2950.0,640.0,1.16,1.16,1.21,320.0,640.0,342.9,1.25,0.07,-0.34,0.05,SYNTHETIC
1700000040.0,SYN-NHK-05,2440,2391.2,2268.7,12.2,18.2,95.0,15.4,185.0,2950.0,640.0,1.16,1.16,1.21,320.0,640.0,342.9,1.25,0.07,-0.34,0.05,SYNTHETIC
1700000041.0,SYN-NHK-05,2441,2392.2,2269.7,12.2,18.2,95.0,15.4,185.0,2950.0,640.0,1.16,1.16,1.21,320.0,640.0,342.9,1.25,0.07,-0.34,0.05,SYNTHETIC
1700000042.0,SYN-NHK-05,2442,2393.2,2270.7,12.2,18.2,95.0,15.4,185.0,2950.0,640.0,1.16,1.16,1.21,320.0,640.0,342.9,1.25,0.07,-0.34,0.05,SYNTHETIC
1700000043.0,SYN-NHK-05,2443,2394.1,2271.6,12.2,18.2,95.0,15.4,185.0,2950.0,640.0,1.16,1.16,1.21,320.0,640.0,342.9,1.25,0.07,-0.34,0.05,SYNTHETIC
1700000044.0,SYN-NHK-05,2444,2395.1,2272.6,12.2,18.2,95.0,15.4,185.0,2950.0,640.0,1.16,1.16,1.21,320.0,640.0,342.9,1.25,0.07,-0.34,0.05,SYNTHETIC
1700000045.0,SYN-NHK-05,2445,2396.1,2273.6,12.2,18.2,95.0,15.4,185.0,2950.0,640.0,1.16,1.16,1.21,320.0,640.0,342.9,1.25,0.07,-0.34,0.05,SYNTHETIC
1700000046.0,SYN-NHK-05,2446,2397.1,2274.6,12.2,18.2,95.0,15.4,185.0,2950.0,640.0,1.16,1.16,1.21,320.0,640.0,342.9,1.25,0.07,-0.34,0.05,SYNTHETIC
1700000047.0,SYN-NHK-05,2447,2398.1,2275.6,12.2,18.2,95.0,15.4,185.0,2950.0,640.0,1.16,1.16,1.21,320.0,640.0,342.9,1.25,0.07,-0.34,0.05,SYNTHETIC
1700000048.0,SYN-NHK-05,2448,2399.0,2276.5,12.2,18.2,95.0,15.4,185.0,2950.0,640.0,1.16,1.16,1.21,320.0,640.0,342.9,1.25,0.07,-0.34,0.05,SYNTHETIC
1700000049.0,SYN-NHK-05,2449,2400.0,2277.5,12.2,18.2,95.0,15.4,185.0,2950.0,640.0,1.16,1.16,1.21,320.0,640.0,342.9,1.25,0.07,-0.34,0.05,SYNTHETIC
