formation_id,formation_name,top_md,base_md,top_tvd,base_tvd,dip,dip_direction,lithology
fmt-01,Dihing Group,0.0,450.0,0.0,337.5,3.5,145.0,Pebble Bed / Sandstone
fmt-02,Namsang Formation,450.0,1150.0,337.5,1037.5,3.5,145.0,Coarse Sandstone / Claystone
fmt-03,Girujan Clay,1150.0,2100.0,1037.5,1987.5,3.5,145.0,Mottled Clay / Claystone
fmt-04,Upper Tipam Sandstone,2100.0,2680.0,1987.5,2567.5,3.5,145.0,Depleted Subarkosic Sandstone
fmt-05,Lower Tipam Sandstone,2680.0,2950.0,2567.5,2837.5,3.5,145.0,Sandstone / Siltstone
fmt-06,Barail Coal-Shale Unit,2950.0,3250.0,2837.5,3137.5,3.5,145.0,Overpressured Carbonaceous Shale
fmt-07,Barail Main Sand Unit,3250.0,3750.0,3137.5,3637.5,3.5,145.0,Fine to Medium Sandstone
fmt-08,Kopili Formation,3750.0,4150.0,3637.5,4037.5,3.5,145.0,Splintery Shale / Marl
fmt-09,Sylhet Limestone,4150.0,4520.0,4037.5,4407.5,3.5,145.0,Nummulitic Limestone
