well_id,measured_depth,inclination,azimuth,TVD,northing,easting,TVDSS
c1f7a012-3b4c-4e89-9a11-000000000005,0,0.0,145.0,0,0.0,0.0,-122.5
c1f7a012-3b4c-4e89-9a11-000000000005,100,0.0,145.0,100,0.0,0.0,-22.5
c1f7a012-3b4c-4e89-9a11-000000000005,200,0.0,145.0,200,0.0,0.0,77.5
c1f7a012-3b4c-4e89-9a11-000000000005,300,0.0,145.0,300,0.0,0.0,177.5
c1f7a012-3b4c-4e89-9a11-000000000005,400,0.0,145.0,400,0.0,0.0,277.5
c1f7a012-3b4c-4e89-9a11-000000000005,500,0.0,145.0,500,0.0,0.0,377.5
c1f7a012-3b4c-4e89-9a11-000000000005,600,1.5,145.0,588.0,0.0,0.0,465.5
c1f7a012-3b4c-4e89-9a11-000000000005,700,3.0,145.0,686.0,0.0,0.0,563.5
c1f7a012-3b4c-4e89-9a11-000000000005,800,4.5,145.0,784.0,0.0,0.0,661.5
c1f7a012-3b4c-4e89-9a11-000000000005,900,6.0,145.0,882.0,0.0,0.0,759.5
c1f7a012-3b4c-4e89-9a11-000000000005,1000,7.5,145.0,980.0,0.0,0.0,857.5
c1f7a012-3b4c-4e89-9a11-000000000005,1100,9.0,145.0,1078.0,0.0,0.0,955.5
c1f7a012-3b4c-4e89-9a11-000000000005,1200,10.5,145.0,1176.0,0.0,0.0,1053.5
c1f7a012-3b4c-4e89-9a11-000000000005,1300,12.0,145.0,1274.0,0.0,0.0,1151.5
c1f7a012-3b4c-4e89-9a11-000000000005,1400,13.5,145.0,1372.0,0.0,0.0,1249.5
c1f7a012-3b4c-4e89-9a11-000000000005,1500,15.0,145.0,1470.0,0.0,0.0,1347.5
c1f7a012-3b4c-4e89-9a11-000000000005,1600,16.5,145.0,1568.0,0.0,0.0,1445.5
c1f7a012-3b4c-4e89-9a11-000000000005,1700,18.0,145.0,1666.0,0.0,0.0,1543.5
c1f7a012-3b4c-4e89-9a11-000000000005,1800,19.5,145.0,1764.0,0.0,0.0,1641.5
c1f7a012-3b4c-4e89-9a11-000000000005,1900,21.0,145.0,1862.0,0.0,0.0,1739.5
c1f7a012-3b4c-4e89-9a11-000000000005,2000,22.5,145.0,1960.0,0.0,0.0,1837.5
c1f7a012-3b4c-4e89-9a11-000000000005,2100,24.0,145.0,2058.0,0.0,0.0,1935.5
c1f7a012-3b4c-4e89-9a11-000000000005,2200,25.5,145.0,2156.0,0.0,0.0,2033.5
c1f7a012-3b4c-4e89-9a11-000000000005,2300,27.0,145.0,2254.0,0.0,0.0,2131.5
c1f7a012-3b4c-4e89-9a11-000000000005,2400,28.5,145.0,2352.0,0.0,0.0,2229.5
c1f7a012-3b4c-4e89-9a11-000000000005,2500,30.0,145.0,2450.0,0.0,0.0,2327.5
c1f7a012-3b4c-4e89-9a11-000000000005,2600,31.5,145.0,2548.0,0.0,0.0,2425.5
c1f7a012-3b4c-4e89-9a11-000000000005,2700,33.0,145.0,2646.0,0.0,0.0,2523.5
c1f7a012-3b4c-4e89-9a11-000000000005,2800,34.5,145.0,2744.0,0.0,0.0,2621.5
c1f7a012-3b4c-4e89-9a11-000000000005,2900,35.0,145.0,2842.0,0.0,0.0,2719.5
c1f7a012-3b4c-4e89-9a11-000000000005,3000,35.0,145.0,2940.0,0.0,0.0,2817.5
c1f7a012-3b4c-4e89-9a11-000000000005,3100,35.0,145.0,3038.0,0.0,0.0,2915.5
c1f7a012-3b4c-4e89-9a11-000000000001,0,0.0,145.0,0,0.0,0.0,-121.2
c1f7a012-3b4c-4e89-9a11-000000000001,100,0.0,145.0,100,0.0,0.0,-21.2
c1f7a012-3b4c-4e89-9a11-000000000001,200,0.0,145.0,200,0.0,0.0,78.8
c1f7a012-3b4c-4e89-9a11-000000000001,300,0.0,145.0,300,0.0,0.0,178.8
c1f7a012-3b4c-4e89-9a11-000000000001,400,0.0,145.0,400,0.0,0.0,278.8
c1f7a012-3b4c-4e89-9a11-000000000001,500,0.0,145.0,500,0.0,0.0,378.8
c1f7a012-3b4c-4e89-9a11-000000000001,600,1.5,145.0,588.0,0.0,0.0,466.8
c1f7a012-3b4c-4e89-9a11-000000000001,700,3.0,145.0,686.0,0.0,0.0,564.8
c1f7a012-3b4c-4e89-9a11-000000000001,800,4.5,145.0,784.0,0.0,0.0,662.8
c1f7a012-3b4c-4e89-9a11-000000000001,900,6.0,145.0,882.0,0.0,0.0,760.8
c1f7a012-3b4c-4e89-9a11-000000000001,1000,7.5,145.0,980.0,0.0,0.0,858.8
c1f7a012-3b4c-4e89-9a11-000000000001,1100,9.0,145.0,1078.0,0.0,0.0,956.8
c1f7a012-3b4c-4e89-9a11-000000000001,1200,10.5,145.0,1176.0,0.0,0.0,1054.8
c1f7a012-3b4c-4e89-9a11-000000000001,1300,12.0,145.0,1274.0,0.0,0.0,1152.8
c1f7a012-3b4c-4e89-9a11-000000000001,1400,13.5,145.0,1372.0,0.0,0.0,1250.8
c1f7a012-3b4c-4e89-9a11-000000000001,1500,15.0,145.0,1470.0,0.0,0.0,1348.8
c1f7a012-3b4c-4e89-9a11-000000000001,1600,16.5,145.0,1568.0,0.0,0.0,1446.8
c1f7a012-3b4c-4e89-9a11-000000000001,1700,18.0,145.0,1666.0,0.0,0.0,1544.8
c1f7a012-3b4c-4e89-9a11-000000000001,1800,19.5,145.0,1764.0,0.0,0.0,1642.8
c1f7a012-3b4c-4e89-9a11-000000000001,1900,21.0,145.0,1862.0,0.0,0.0,1740.8
c1f7a012-3b4c-4e89-9a11-000000000001,2000,22.5,145.0,1960.0,0.0,0.0,1838.8
c1f7a012-3b4c-4e89-9a11-000000000001,2100,24.0,145.0,2058.0,0.0,0.0,1936.8
c1f7a012-3b4c-4e89-9a11-000000000001,2200,25.5,145.0,2156.0,0.0,0.0,2034.8
c1f7a012-3b4c-4e89-9a11-000000000001,2300,27.0,145.0,2254.0,0.0,0.0,2132.8
c1f7a012-3b4c-4e89-9a11-000000000001,2400,28.5,145.0,2352.0,0.0,0.0,2230.8
c1f7a012-3b4c-4e89-9a11-000000000001,2500,30.0,145.0,2450.0,0.0,0.0,2328.8
c1f7a012-3b4c-4e89-9a11-000000000001,2600,31.5,145.0,2548.0,0.0,0.0,2426.8
c1f7a012-3b4c-4e89-9a11-000000000001,2700,33.0,145.0,2646.0,0.0,0.0,2524.8
c1f7a012-3b4c-4e89-9a11-000000000001,2800,34.5,145.0,2744.0,0.0,0.0,2622.8
c1f7a012-3b4c-4e89-9a11-000000000001,2900,35.0,145.0,2842.0,0.0,0.0,2720.8
c1f7a012-3b4c-4e89-9a11-000000000001,3000,35.0,145.0,2940.0,0.0,0.0,2818.8
c1f7a012-3b4c-4e89-9a11-000000000001,3100,35.0,145.0,3038.0,0.0,0.0,2916.8
c1f7a012-3b4c-4e89-9a11-000000000001,3200,35.0,145.0,3136.0,0.0,0.0,3014.8
c1f7a012-3b4c-4e89-9a11-000000000001,3300,35.0,145.0,3234.0,0.0,0.0,3112.8
c1f7a012-3b4c-4e89-9a11-000000000001,3400,35.0,145.0,3332.0,0.0,0.0,3210.8
c1f7a012-3b4c-4e89-9a11-000000000001,3500,35.0,145.0,3430.0,0.0,0.0,3308.8
c1f7a012-3b4c-4e89-9a11-000000000001,3600,35.0,145.0,3528.0,0.0,0.0,3406.8
c1f7a012-3b4c-4e89-9a11-000000000001,3700,35.0,145.0,3626.0,0.0,0.0,3504.8
c1f7a012-3b4c-4e89-9a11-000000000001,3800,35.0,145.0,3724.0,0.0,0.0,3602.8
c1f7a012-3b4c-4e89-9a11-000000000001,3900,35.0,145.0,3822.0,0.0,0.0,3700.8
c1f7a012-3b4c-4e89-9a11-000000000001,4000,35.0,145.0,3920.0,0.0,0.0,3798.8
c1f7a012-3b4c-4e89-9a11-000000000001,4100,35.0,145.0,4018.0,0.0,0.0,3896.8
c1f7a012-3b4c-4e89-9a11-000000000001,4200,35.0,145.0,4116.0,0.0,0.0,3994.8
c1f7a012-3b4c-4e89-9a11-000000000001,4300,35.0,145.0,4214.0,0.0,0.0,4092.8
c1f7a012-3b4c-4e89-9a11-000000000001,4400,35.0,145.0,4312.0,0.0,0.0,4190.8
c1f7a012-3b4c-4e89-9a11-000000000001,4500,35.0,145.0,4410.0,0.0,0.0,4288.8
c1f7a012-3b4c-4e89-9a11-000000000002,0,0.0,145.0,0,0.0,0.0,-124.0
c1f7a012-3b4c-4e89-9a11-000000000002,100,0.0,145.0,100,0.0,0.0,-24.0
c1f7a012-3b4c-4e89-9a11-000000000002,200,0.0,145.0,200,0.0,0.0,76.0
c1f7a012-3b4c-4e89-9a11-000000000002,300,0.0,145.0,300,0.0,0.0,176.0
c1f7a012-3b4c-4e89-9a11-000000000002,400,0.0,145.0,400,0.0,0.0,276.0
c1f7a012-3b4c-4e89-9a11-000000000002,500,0.0,145.0,500,0.0,0.0,376.0
c1f7a012-3b4c-4e89-9a11-000000000002,600,1.5,145.0,588.0,0.0,0.0,464.0
c1f7a012-3b4c-4e89-9a11-000000000002,700,3.0,145.0,686.0,0.0,0.0,562.0
c1f7a012-3b4c-4e89-9a11-000000000002,800,4.5,145.0,784.0,0.0,0.0,660.0
c1f7a012-3b4c-4e89-9a11-000000000002,900,6.0,145.0,882.0,0.0,0.0,758.0
c1f7a012-3b4c-4e89-9a11-000000000002,1000,7.5,145.0,980.0,0.0,0.0,856.0
c1f7a012-3b4c-4e89-9a11-000000000002,1100,9.0,145.0,1078.0,0.0,0.0,954.0
c1f7a012-3b4c-4e89-9a11-000000000002,1200,10.5,145.0,1176.0,0.0,0.0,1052.0
c1f7a012-3b4c-4e89-9a11-000000000002,1300,12.0,145.0,1274.0,0.0,0.0,1150.0
c1f7a012-3b4c-4e89-9a11-000000000002,1400,13.5,145.0,1372.0,0.0,0.0,1248.0
c1f7a012-3b4c-4e89-9a11-000000000002,1500,15.0,145.0,1470.0,0.0,0.0,1346.0
c1f7a012-3b4c-4e89-9a11-000000000002,1600,16.5,145.0,1568.0,0.0,0.0,1444.0
c1f7a012-3b4c-4e89-9a11-000000000002,1700,18.0,145.0,1666.0,0.0,0.0,1542.0
c1f7a012-3b4c-4e89-9a11-000000000002,1800,19.5,145.0,1764.0,0.0,0.0,1640.0
c1f7a012-3b4c-4e89-9a11-000000000002,1900,21.0,145.0,1862.0,0.0,0.0,1738.0
c1f7a012-3b4c-4e89-9a11-000000000002,2000,22.5,145.0,1960.0,0.0,0.0,1836.0
c1f7a012-3b4c-4e89-9a11-000000000002,2100,24.0,145.0,2058.0,0.0,0.0,1934.0
c1f7a012-3b4c-4e89-9a11-000000000002,2200,25.5,145.0,2156.0,0.0,0.0,2032.0
c1f7a012-3b4c-4e89-9a11-000000000002,2300,27.0,145.0,2254.0,0.0,0.0,2130.0
c1f7a012-3b4c-4e89-9a11-000000000002,2400,28.5,145.0,2352.0,0.0,0.0,2228.0
c1f7a012-3b4c-4e89-9a11-000000000002,2500,30.0,145.0,2450.0,0.0,0.0,2326.0
c1f7a012-3b4c-4e89-9a11-000000000002,2600,31.5,145.0,2548.0,0.0,0.0,2424.0
c1f7a012-3b4c-4e89-9a11-000000000002,2700,33.0,145.0,2646.0,0.0,0.0,2522.0
c1f7a012-3b4c-4e89-9a11-000000000002,2800,34.5,145.0,2744.0,0.0,0.0,2620.0
c1f7a012-3b4c-4e89-9a11-000000000002,2900,35.0,145.0,2842.0,0.0,0.0,2718.0
c1f7a012-3b4c-4e89-9a11-000000000002,3000,35.0,145.0,2940.0,0.0,0.0,2816.0
c1f7a012-3b4c-4e89-9a11-000000000002,3100,35.0,145.0,3038.0,0.0,0.0,2914.0
c1f7a012-3b4c-4e89-9a11-000000000002,3200,35.0,145.0,3136.0,0.0,0.0,3012.0
c1f7a012-3b4c-4e89-9a11-000000000002,3300,35.0,145.0,3234.0,0.0,0.0,3110.0
c1f7a012-3b4c-4e89-9a11-000000000002,3400,35.0,145.0,3332.0,0.0,0.0,3208.0
c1f7a012-3b4c-4e89-9a11-000000000002,3500,35.0,145.0,3430.0,0.0,0.0,3306.0
c1f7a012-3b4c-4e89-9a11-000000000002,3600,35.0,145.0,3528.0,0.0,0.0,3404.0
c1f7a012-3b4c-4e89-9a11-000000000002,3700,35.0,145.0,3626.0,0.0,0.0,3502.0
c1f7a012-3b4c-4e89-9a11-000000000002,3800,35.0,145.0,3724.0,0.0,0.0,3600.0
c1f7a012-3b4c-4e89-9a11-000000000002,3900,35.0,145.0,3822.0,0.0,0.0,3698.0
c1f7a012-3b4c-4e89-9a11-000000000002,4000,35.0,145.0,3920.0,0.0,0.0,3796.0
c1f7a012-3b4c-4e89-9a11-000000000002,4100,35.0,145.0,4018.0,0.0,0.0,3894.0
c1f7a012-3b4c-4e89-9a11-000000000002,4200,35.0,145.0,4116.0,0.0,0.0,3992.0
c1f7a012-3b4c-4e89-9a11-000000000002,4300,35.0,145.0,4214.0,0.0,0.0,4090.0
c1f7a012-3b4c-4e89-9a11-000000000003,0,0.0,145.0,0,0.0,0.0,-119.8
c1f7a012-3b4c-4e89-9a11-000000000003,100,0.0,145.0,100,0.0,0.0,-19.8
c1f7a012-3b4c-4e89-9a11-000000000003,200,0.0,145.0,200,0.0,0.0,80.2
c1f7a012-3b4c-4e89-9a11-000000000003,300,0.0,145.0,300,0.0,0.0,180.2
c1f7a012-3b4c-4e89-9a11-000000000003,400,0.0,145.0,400,0.0,0.0,280.2
c1f7a012-3b4c-4e89-9a11-000000000003,500,0.0,145.0,500,0.0,0.0,380.2
c1f7a012-3b4c-4e89-9a11-000000000003,600,1.5,145.0,588.0,0.0,0.0,468.2
c1f7a012-3b4c-4e89-9a11-000000000003,700,3.0,145.0,686.0,0.0,0.0,566.2
c1f7a012-3b4c-4e89-9a11-000000000003,800,4.5,145.0,784.0,0.0,0.0,664.2
c1f7a012-3b4c-4e89-9a11-000000000003,900,6.0,145.0,882.0,0.0,0.0,762.2
c1f7a012-3b4c-4e89-9a11-000000000003,1000,7.5,145.0,980.0,0.0,0.0,860.2
c1f7a012-3b4c-4e89-9a11-000000000003,1100,9.0,145.0,1078.0,0.0,0.0,958.2
c1f7a012-3b4c-4e89-9a11-000000000003,1200,10.5,145.0,1176.0,0.0,0.0,1056.2
c1f7a012-3b4c-4e89-9a11-000000000003,1300,12.0,145.0,1274.0,0.0,0.0,1154.2
c1f7a012-3b4c-4e89-9a11-000000000003,1400,13.5,145.0,1372.0,0.0,0.0,1252.2
c1f7a012-3b4c-4e89-9a11-000000000003,1500,15.0,145.0,1470.0,0.0,0.0,1350.2
c1f7a012-3b4c-4e89-9a11-000000000003,1600,16.5,145.0,1568.0,0.0,0.0,1448.2
c1f7a012-3b4c-4e89-9a11-000000000003,1700,18.0,145.0,1666.0,0.0,0.0,1546.2
c1f7a012-3b4c-4e89-9a11-000000000003,1800,19.5,145.0,1764.0,0.0,0.0,1644.2
c1f7a012-3b4c-4e89-9a11-000000000003,1900,21.0,145.0,1862.0,0.0,0.0,1742.2
c1f7a012-3b4c-4e89-9a11-000000000003,2000,22.5,145.0,1960.0,0.0,0.0,1840.2
c1f7a012-3b4c-4e89-9a11-000000000003,2100,24.0,145.0,2058.0,0.0,0.0,1938.2
c1f7a012-3b4c-4e89-9a11-000000000003,2200,25.5,145.0,2156.0,0.0,0.0,2036.2
c1f7a012-3b4c-4e89-9a11-000000000003,2300,27.0,145.0,2254.0,0.0,0.0,2134.2
c1f7a012-3b4c-4e89-9a11-000000000003,2400,28.5,145.0,2352.0,0.0,0.0,2232.2
c1f7a012-3b4c-4e89-9a11-000000000003,2500,30.0,145.0,2450.0,0.0,0.0,2330.2
c1f7a012-3b4c-4e89-9a11-000000000003,2600,31.5,145.0,2548.0,0.0,0.0,2428.2
c1f7a012-3b4c-4e89-9a11-000000000003,2700,33.0,145.0,2646.0,0.0,0.0,2526.2
c1f7a012-3b4c-4e89-9a11-000000000003,2800,34.5,145.0,2744.0,0.0,0.0,2624.2
c1f7a012-3b4c-4e89-9a11-000000000003,2900,35.0,145.0,2842.0,0.0,0.0,2722.2
c1f7a012-3b4c-4e89-9a11-000000000003,3000,35.0,145.0,2940.0,0.0,0.0,2820.2
c1f7a012-3b4c-4e89-9a11-000000000003,3100,35.0,145.0,3038.0,0.0,0.0,2918.2
c1f7a012-3b4c-4e89-9a11-000000000003,3200,35.0,145.0,3136.0,0.0,0.0,3016.2
c1f7a012-3b4c-4e89-9a11-000000000003,3300,35.0,145.0,3234.0,0.0,0.0,3114.2
c1f7a012-3b4c-4e89-9a11-000000000003,3400,35.0,145.0,3332.0,0.0,0.0,3212.2
c1f7a012-3b4c-4e89-9a11-000000000004,0,0.0,145.0,0,0.0,0.0,-126.1
c1f7a012-3b4c-4e89-9a11-000000000004,100,0.0,145.0,100,0.0,0.0,-26.1
c1f7a012-3b4c-4e89-9a11-000000000004,200,0.0,145.0,200,0.0,0.0,73.9
c1f7a012-3b4c-4e89-9a11-000000000004,300,0.0,145.0,300,0.0,0.0,173.9
c1f7a012-3b4c-4e89-9a11-000000000004,400,0.0,145.0,400,0.0,0.0,273.9
c1f7a012-3b4c-4e89-9a11-000000000004,500,0.0,145.0,500,0.0,0.0,373.9
c1f7a012-3b4c-4e89-9a11-000000000004,600,1.5,145.0,588.0,0.0,0.0,461.9
c1f7a012-3b4c-4e89-9a11-000000000004,700,3.0,145.0,686.0,0.0,0.0,559.9
c1f7a012-3b4c-4e89-9a11-000000000004,800,4.5,145.0,784.0,0.0,0.0,657.9
c1f7a012-3b4c-4e89-9a11-000000000004,900,6.0,145.0,882.0,0.0,0.0,755.9
c1f7a012-3b4c-4e89-9a11-000000000004,1000,7.5,145.0,980.0,0.0,0.0,853.9
c1f7a012-3b4c-4e89-9a11-000000000004,1100,9.0,145.0,1078.0,0.0,0.0,951.9
c1f7a012-3b4c-4e89-9a11-000000000004,1200,10.5,145.0,1176.0,0.0,0.0,1049.9
c1f7a012-3b4c-4e89-9a11-000000000004,1300,12.0,145.0,1274.0,0.0,0.0,1147.9
c1f7a012-3b4c-4e89-9a11-000000000004,1400,13.5,145.0,1372.0,0.0,0.0,1245.9
c1f7a012-3b4c-4e89-9a11-000000000004,1500,15.0,145.0,1470.0,0.0,0.0,1343.9
c1f7a012-3b4c-4e89-9a11-000000000004,1600,16.5,145.0,1568.0,0.0,0.0,1441.9
c1f7a012-3b4c-4e89-9a11-000000000004,1700,18.0,145.0,1666.0,0.0,0.0,1539.9
c1f7a012-3b4c-4e89-9a11-000000000004,1800,19.5,145.0,1764.0,0.0,0.0,1637.9
c1f7a012-3b4c-4e89-9a11-000000000004,1900,21.0,145.0,1862.0,0.0,0.0,1735.9
c1f7a012-3b4c-4e89-9a11-000000000004,2000,22.5,145.0,1960.0,0.0,0.0,1833.9
c1f7a012-3b4c-4e89-9a11-000000000004,2100,24.0,145.0,2058.0,0.0,0.0,1931.9
c1f7a012-3b4c-4e89-9a11-000000000004,2200,25.5,145.0,2156.0,0.0,0.0,2029.9
c1f7a012-3b4c-4e89-9a11-000000000004,2300,27.0,145.0,2254.0,0.0,0.0,2127.9
c1f7a012-3b4c-4e89-9a11-000000000004,2400,28.5,145.0,2352.0,0.0,0.0,2225.9
c1f7a012-3b4c-4e89-9a11-000000000004,2500,30.0,145.0,2450.0,0.0,0.0,2323.9
c1f7a012-3b4c-4e89-9a11-000000000004,2600,31.5,145.0,2548.0,0.0,0.0,2421.9
c1f7a012-3b4c-4e89-9a11-000000000004,2700,33.0,145.0,2646.0,0.0,0.0,2519.9
c1f7a012-3b4c-4e89-9a11-000000000004,2800,34.5,145.0,2744.0,0.0,0.0,2617.9
c1f7a012-3b4c-4e89-9a11-000000000004,2900,35.0,145.0,2842.0,0.0,0.0,2715.9
c1f7a012-3b4c-4e89-9a11-000000000006,0,0.0,145.0,0,0.0,0.0,-115.4
c1f7a012-3b4c-4e89-9a11-000000000006,100,0.0,145.0,100,0.0,0.0,-15.4
c1f7a012-3b4c-4e89-9a11-000000000006,200,0.0,145.0,200,0.0,0.0,84.6
c1f7a012-3b4c-4e89-9a11-000000000006,300,0.0,145.0,300,0.0,0.0,184.6
c1f7a012-3b4c-4e89-9a11-000000000006,400,0.0,145.0,400,0.0,0.0,284.6
c1f7a012-3b4c-4e89-9a11-000000000006,500,0.0,145.0,500,0.0,0.0,384.6
c1f7a012-3b4c-4e89-9a11-000000000006,600,1.5,145.0,588.0,0.0,0.0,472.6
c1f7a012-3b4c-4e89-9a11-000000000006,700,3.0,145.0,686.0,0.0,0.0,570.6
c1f7a012-3b4c-4e89-9a11-000000000006,800,4.5,145.0,784.0,0.0,0.0,668.6
c1f7a012-3b4c-4e89-9a11-000000000006,900,6.0,145.0,882.0,0.0,0.0,766.6
c1f7a012-3b4c-4e89-9a11-000000000006,1000,7.5,145.0,980.0,0.0,0.0,864.6
c1f7a012-3b4c-4e89-9a11-000000000006,1100,9.0,145.0,1078.0,0.0,0.0,962.6
c1f7a012-3b4c-4e89-9a11-000000000006,1200,10.5,145.0,1176.0,0.0,0.0,1060.6
c1f7a012-3b4c-4e89-9a11-000000000006,1300,12.0,145.0,1274.0,0.0,0.0,1158.6
c1f7a012-3b4c-4e89-9a11-000000000006,1400,13.5,145.0,1372.0,0.0,0.0,1256.6
c1f7a012-3b4c-4e89-9a11-000000000006,1500,15.0,145.0,1470.0,0.0,0.0,1354.6
c1f7a012-3b4c-4e89-9a11-000000000006,1600,16.5,145.0,1568.0,0.0,0.0,1452.6
c1f7a012-3b4c-4e89-9a11-000000000006,1700,18.0,145.0,1666.0,0.0,0.0,1550.6
c1f7a012-3b4c-4e89-9a11-000000000006,1800,19.5,145.0,1764.0,0.0,0.0,1648.6
c1f7a012-3b4c-4e89-9a11-000000000006,1900,21.0,145.0,1862.0,0.0,0.0,1746.6
c1f7a012-3b4c-4e89-9a11-000000000006,2000,22.5,145.0,1960.0,0.0,0.0,1844.6
c1f7a012-3b4c-4e89-9a11-000000000006,2100,24.0,145.0,2058.0,0.0,0.0,1942.6
c1f7a012-3b4c-4e89-9a11-000000000006,2200,25.5,145.0,2156.0,0.0,0.0,2040.6
c1f7a012-3b4c-4e89-9a11-000000000006,2300,27.0,145.0,2254.0,0.0,0.0,2138.6
c1f7a012-3b4c-4e89-9a11-000000000006,2400,28.5,145.0,2352.0,0.0,0.0,2236.6
c1f7a012-3b4c-4e89-9a11-000000000006,2500,30.0,145.0,2450.0,0.0,0.0,2334.6
c1f7a012-3b4c-4e89-9a11-000000000006,2600,31.5,145.0,2548.0,0.0,0.0,2432.6
c1f7a012-3b4c-4e89-9a11-000000000006,2700,33.0,145.0,2646.0,0.0,0.0,2530.6
c1f7a012-3b4c-4e89-9a11-000000000006,2800,34.5,145.0,2744.0,0.0,0.0,2628.6
c1f7a012-3b4c-4e89-9a11-000000000006,2900,35.0,145.0,2842.0,0.0,0.0,2726.6
c1f7a012-3b4c-4e89-9a11-000000000006,3000,35.0,145.0,2940.0,0.0,0.0,2824.6
c1f7a012-3b4c-4e89-9a11-000000000006,3100,35.0,145.0,3038.0,0.0,0.0,2922.6
c1f7a012-3b4c-4e89-9a11-000000000006,3200,35.0,145.0,3136.0,0.0,0.0,3020.6
c1f7a012-3b4c-4e89-9a11-000000000006,3300,35.0,145.0,3234.0,0.0,0.0,3118.6
c1f7a012-3b4c-4e89-9a11-000000000006,3400,35.0,145.0,3332.0,0.0,0.0,3216.6
c1f7a012-3b4c-4e89-9a11-000000000006,3500,35.0,145.0,3430.0,0.0,0.0,3314.6
c1f7a012-3b4c-4e89-9a11-000000000006,3600,35.0,145.0,3528.0,0.0,0.0,3412.6
c1f7a012-3b4c-4e89-9a11-000000000006,3700,35.0,145.0,3626.0,0.0,0.0,3510.6
c1f7a012-3b4c-4e89-9a11-000000000006,3800,35.0,145.0,3724.0,0.0,0.0,3608.6
c1f7a012-3b4c-4e89-9a11-000000000007,0,0.0,145.0,0,0.0,0.0,-117.0
c1f7a012-3b4c-4e89-9a11-000000000007,100,0.0,145.0,100,0.0,0.0,-17.0
c1f7a012-3b4c-4e89-9a11-000000000007,200,0.0,145.0,200,0.0,0.0,83.0
c1f7a012-3b4c-4e89-9a11-000000000007,300,0.0,145.0,300,0.0,0.0,183.0
c1f7a012-3b4c-4e89-9a11-000000000007,400,0.0,145.0,400,0.0,0.0,283.0
c1f7a012-3b4c-4e89-9a11-000000000007,500,0.0,145.0,500,0.0,0.0,383.0
c1f7a012-3b4c-4e89-9a11-000000000007,600,1.5,145.0,588.0,0.0,0.0,471.0
c1f7a012-3b4c-4e89-9a11-000000000007,700,3.0,145.0,686.0,0.0,0.0,569.0
c1f7a012-3b4c-4e89-9a11-000000000007,800,4.5,145.0,784.0,0.0,0.0,667.0
c1f7a012-3b4c-4e89-9a11-000000000007,900,6.0,145.0,882.0,0.0,0.0,765.0
c1f7a012-3b4c-4e89-9a11-000000000007,1000,7.5,145.0,980.0,0.0,0.0,863.0
c1f7a012-3b4c-4e89-9a11-000000000007,1100,9.0,145.0,1078.0,0.0,0.0,961.0
c1f7a012-3b4c-4e89-9a11-000000000007,1200,10.5,145.0,1176.0,0.0,0.0,1059.0
c1f7a012-3b4c-4e89-9a11-000000000007,1300,12.0,145.0,1274.0,0.0,0.0,1157.0
c1f7a012-3b4c-4e89-9a11-000000000007,1400,13.5,145.0,1372.0,0.0,0.0,1255.0
c1f7a012-3b4c-4e89-9a11-000000000007,1500,15.0,145.0,1470.0,0.0,0.0,1353.0
c1f7a012-3b4c-4e89-9a11-000000000007,1600,16.5,145.0,1568.0,0.0,0.0,1451.0
c1f7a012-3b4c-4e89-9a11-000000000007,1700,18.0,145.0,1666.0,0.0,0.0,1549.0
c1f7a012-3b4c-4e89-9a11-000000000007,1800,19.5,145.0,1764.0,0.0,0.0,1647.0
c1f7a012-3b4c-4e89-9a11-000000000007,1900,21.0,145.0,1862.0,0.0,0.0,1745.0
c1f7a012-3b4c-4e89-9a11-000000000007,2000,22.5,145.0,1960.0,0.0,0.0,1843.0
c1f7a012-3b4c-4e89-9a11-000000000007,2100,24.0,145.0,2058.0,0.0,0.0,1941.0
c1f7a012-3b4c-4e89-9a11-000000000007,2200,25.5,145.0,2156.0,0.0,0.0,2039.0
c1f7a012-3b4c-4e89-9a11-000000000007,2300,27.0,145.0,2254.0,0.0,0.0,2137.0
c1f7a012-3b4c-4e89-9a11-000000000007,2400,28.5,145.0,2352.0,0.0,0.0,2235.0
c1f7a012-3b4c-4e89-9a11-000000000007,2500,30.0,145.0,2450.0,0.0,0.0,2333.0
c1f7a012-3b4c-4e89-9a11-000000000007,2600,31.5,145.0,2548.0,0.0,0.0,2431.0
c1f7a012-3b4c-4e89-9a11-000000000007,2700,33.0,145.0,2646.0,0.0,0.0,2529.0
c1f7a012-3b4c-4e89-9a11-000000000007,2800,34.5,145.0,2744.0,0.0,0.0,2627.0
c1f7a012-3b4c-4e89-9a11-000000000007,2900,35.0,145.0,2842.0,0.0,0.0,2725.0
c1f7a012-3b4c-4e89-9a11-000000000007,3000,35.0,145.0,2940.0,0.0,0.0,2823.0
c1f7a012-3b4c-4e89-9a11-000000000007,3100,35.0,145.0,3038.0,0.0,0.0,2921.0
c1f7a012-3b4c-4e89-9a11-000000000007,3200,35.0,145.0,3136.0,0.0,0.0,3019.0
c1f7a012-3b4c-4e89-9a11-000000000007,3300,35.0,145.0,3234.0,0.0,0.0,3117.0
c1f7a012-3b4c-4e89-9a11-000000000007,3400,35.0,145.0,3332.0,0.0,0.0,3215.0
c1f7a012-3b4c-4e89-9a11-000000000007,3500,35.0,145.0,3430.0,0.0,0.0,3313.0
c1f7a012-3b4c-4e89-9a11-000000000007,3600,35.0,145.0,3528.0,0.0,0.0,3411.0
c1f7a012-3b4c-4e89-9a11-000000000007,3700,35.0,145.0,3626.0,0.0,0.0,3509.0
c1f7a012-3b4c-4e89-9a11-000000000007,3800,35.0,145.0,3724.0,0.0,0.0,3607.0
c1f7a012-3b4c-4e89-9a11-000000000007,3900,35.0,145.0,3822.0,0.0,0.0,3705.0
c1f7a012-3b4c-4e89-9a11-000000000008,0,0.0,145.0,0,0.0,0.0,-128.5
c1f7a012-3b4c-4e89-9a11-000000000008,100,0.0,145.0,100,0.0,0.0,-28.5
c1f7a012-3b4c-4e89-9a11-000000000008,200,0.0,145.0,200,0.0,0.0,71.5
c1f7a012-3b4c-4e89-9a11-000000000008,300,0.0,145.0,300,0.0,0.0,171.5
c1f7a012-3b4c-4e89-9a11-000000000008,400,0.0,145.0,400,0.0,0.0,271.5
c1f7a012-3b4c-4e89-9a11-000000000008,500,0.0,145.0,500,0.0,0.0,371.5
c1f7a012-3b4c-4e89-9a11-000000000008,600,1.5,145.0,588.0,0.0,0.0,459.5
c1f7a012-3b4c-4e89-9a11-000000000008,700,3.0,145.0,686.0,0.0,0.0,557.5
c1f7a012-3b4c-4e89-9a11-000000000008,800,4.5,145.0,784.0,0.0,0.0,655.5
c1f7a012-3b4c-4e89-9a11-000000000008,900,6.0,145.0,882.0,0.0,0.0,753.5
c1f7a012-3b4c-4e89-9a11-000000000008,1000,7.5,145.0,980.0,0.0,0.0,851.5
c1f7a012-3b4c-4e89-9a11-000000000008,1100,9.0,145.0,1078.0,0.0,0.0,949.5
c1f7a012-3b4c-4e89-9a11-000000000008,1200,10.5,145.0,1176.0,0.0,0.0,1047.5
c1f7a012-3b4c-4e89-9a11-000000000008,1300,12.0,145.0,1274.0,0.0,0.0,1145.5
c1f7a012-3b4c-4e89-9a11-000000000008,1400,13.5,145.0,1372.0,0.0,0.0,1243.5
c1f7a012-3b4c-4e89-9a11-000000000008,1500,15.0,145.0,1470.0,0.0,0.0,1341.5
c1f7a012-3b4c-4e89-9a11-000000000008,1600,16.5,145.0,1568.0,0.0,0.0,1439.5
c1f7a012-3b4c-4e89-9a11-000000000008,1700,18.0,145.0,1666.0,0.0,0.0,1537.5
c1f7a012-3b4c-4e89-9a11-000000000008,1800,19.5,145.0,1764.0,0.0,0.0,1635.5
c1f7a012-3b4c-4e89-9a11-000000000008,1900,21.0,145.0,1862.0,0.0,0.0,1733.5
c1f7a012-3b4c-4e89-9a11-000000000008,2000,22.5,145.0,1960.0,0.0,0.0,1831.5
c1f7a012-3b4c-4e89-9a11-000000000008,2100,24.0,145.0,2058.0,0.0,0.0,1929.5
c1f7a012-3b4c-4e89-9a11-000000000008,2200,25.5,145.0,2156.0,0.0,0.0,2027.5
c1f7a012-3b4c-4e89-9a11-000000000008,2300,27.0,145.0,2254.0,0.0,0.0,2125.5
c1f7a012-3b4c-4e89-9a11-000000000008,2400,28.5,145.0,2352.0,0.0,0.0,2223.5
c1f7a012-3b4c-4e89-9a11-000000000008,2500,30.0,145.0,2450.0,0.0,0.0,2321.5
c1f7a012-3b4c-4e89-9a11-000000000008,2600,31.5,145.0,2548.0,0.0,0.0,2419.5
c1f7a012-3b4c-4e89-9a11-000000000008,2700,33.0,145.0,2646.0,0.0,0.0,2517.5
c1f7a012-3b4c-4e89-9a11-000000000008,2800,34.5,145.0,2744.0,0.0,0.0,2615.5
c1f7a012-3b4c-4e89-9a11-000000000008,2900,35.0,145.0,2842.0,0.0,0.0,2713.5
c1f7a012-3b4c-4e89-9a11-000000000008,3000,35.0,145.0,2940.0,0.0,0.0,2811.5
c1f7a012-3b4c-4e89-9a11-000000000008,3100,35.0,145.0,3038.0,0.0,0.0,2909.5
c1f7a012-3b4c-4e89-9a11-000000000008,3200,35.0,145.0,3136.0,0.0,0.0,3007.5
c1f7a012-3b4c-4e89-9a11-000000000008,3300,35.0,145.0,3234.0,0.0,0.0,3105.5
c1f7a012-3b4c-4e89-9a11-000000000008,3400,35.0,145.0,3332.0,0.0,0.0,3203.5
c1f7a012-3b4c-4e89-9a11-000000000008,3500,35.0,145.0,3430.0,0.0,0.0,3301.5
c1f7a012-3b4c-4e89-9a11-000000000008,3600,35.0,145.0,3528.0,0.0,0.0,3399.5
c1f7a012-3b4c-4e89-9a11-000000000008,3700,35.0,145.0,3626.0,0.0,0.0,3497.5
c1f7a012-3b4c-4e89-9a11-000000000008,3800,35.0,145.0,3724.0,0.0,0.0,3595.5
c1f7a012-3b4c-4e89-9a11-000000000008,3900,35.0,145.0,3822.0,0.0,0.0,3693.5
c1f7a012-3b4c-4e89-9a11-000000000008,4000,35.0,145.0,3920.0,0.0,0.0,3791.5
c1f7a012-3b4c-4e89-9a11-000000000008,4100,35.0,145.0,4018.0,0.0,0.0,3889.5
c1f7a012-3b4c-4e89-9a11-000000000009,0,0.0,145.0,0,0.0,0.0,-130.2
c1f7a012-3b4c-4e89-9a11-000000000009,100,0.0,145.0,100,0.0,0.0,-30.2
c1f7a012-3b4c-4e89-9a11-000000000009,200,0.0,145.0,200,0.0,0.0,69.8
c1f7a012-3b4c-4e89-9a11-000000000009,300,0.0,145.0,300,0.0,0.0,169.8
c1f7a012-3b4c-4e89-9a11-000000000009,400,0.0,145.0,400,0.0,0.0,269.8
c1f7a012-3b4c-4e89-9a11-000000000009,500,0.0,145.0,500,0.0,0.0,369.8
c1f7a012-3b4c-4e89-9a11-000000000009,600,1.5,145.0,588.0,0.0,0.0,457.8
c1f7a012-3b4c-4e89-9a11-000000000009,700,3.0,145.0,686.0,0.0,0.0,555.8
c1f7a012-3b4c-4e89-9a11-000000000009,800,4.5,145.0,784.0,0.0,0.0,653.8
c1f7a012-3b4c-4e89-9a11-000000000009,900,6.0,145.0,882.0,0.0,0.0,751.8
c1f7a012-3b4c-4e89-9a11-000000000009,1000,7.5,145.0,980.0,0.0,0.0,849.8
c1f7a012-3b4c-4e89-9a11-000000000009,1100,9.0,145.0,1078.0,0.0,0.0,947.8
c1f7a012-3b4c-4e89-9a11-000000000009,1200,10.5,145.0,1176.0,0.0,0.0,1045.8
c1f7a012-3b4c-4e89-9a11-000000000009,1300,12.0,145.0,1274.0,0.0,0.0,1143.8
c1f7a012-3b4c-4e89-9a11-000000000009,1400,13.5,145.0,1372.0,0.0,0.0,1241.8
c1f7a012-3b4c-4e89-9a11-000000000009,1500,15.0,145.0,1470.0,0.0,0.0,1339.8
c1f7a012-3b4c-4e89-9a11-000000000009,1600,16.5,145.0,1568.0,0.0,0.0,1437.8
c1f7a012-3b4c-4e89-9a11-000000000009,1700,18.0,145.0,1666.0,0.0,0.0,1535.8
c1f7a012-3b4c-4e89-9a11-000000000009,1800,19.5,145.0,1764.0,0.0,0.0,1633.8
c1f7a012-3b4c-4e89-9a11-000000000009,1900,21.0,145.0,1862.0,0.0,0.0,1731.8
c1f7a012-3b4c-4e89-9a11-000000000009,2000,22.5,145.0,1960.0,0.0,0.0,1829.8
c1f7a012-3b4c-4e89-9a11-000000000009,2100,24.0,145.0,2058.0,0.0,0.0,1927.8
c1f7a012-3b4c-4e89-9a11-000000000009,2200,25.5,145.0,2156.0,0.0,0.0,2025.8
c1f7a012-3b4c-4e89-9a11-000000000009,2300,27.0,145.0,2254.0,0.0,0.0,2123.8
c1f7a012-3b4c-4e89-9a11-000000000009,2400,28.5,145.0,2352.0,0.0,0.0,2221.8
c1f7a012-3b4c-4e89-9a11-000000000009,2500,30.0,145.0,2450.0,0.0,0.0,2319.8
c1f7a012-3b4c-4e89-9a11-000000000009,2600,31.5,145.0,2548.0,0.0,0.0,2417.8
c1f7a012-3b4c-4e89-9a11-000000000009,2700,33.0,145.0,2646.0,0.0,0.0,2515.8
c1f7a012-3b4c-4e89-9a11-000000000009,2800,34.5,145.0,2744.0,0.0,0.0,2613.8
c1f7a012-3b4c-4e89-9a11-000000000009,2900,35.0,145.0,2842.0,0.0,0.0,2711.8
c1f7a012-3b4c-4e89-9a11-000000000009,3000,35.0,145.0,2940.0,0.0,0.0,2809.8
c1f7a012-3b4c-4e89-9a11-000000000009,3100,35.0,145.0,3038.0,0.0,0.0,2907.8
c1f7a012-3b4c-4e89-9a11-000000000009,3200,35.0,145.0,3136.0,0.0,0.0,3005.8
c1f7a012-3b4c-4e89-9a11-000000000009,3300,35.0,145.0,3234.0,0.0,0.0,3103.8
c1f7a012-3b4c-4e89-9a11-000000000009,3400,35.0,145.0,3332.0,0.0,0.0,3201.8
c1f7a012-3b4c-4e89-9a11-000000000009,3500,35.0,145.0,3430.0,0.0,0.0,3299.8
c1f7a012-3b4c-4e89-9a11-000000000009,3600,35.0,145.0,3528.0,0.0,0.0,3397.8
c1f7a012-3b4c-4e89-9a11-000000000009,3700,35.0,145.0,3626.0,0.0,0.0,3495.8
c1f7a012-3b4c-4e89-9a11-000000000009,3800,35.0,145.0,3724.0,0.0,0.0,3593.8
c1f7a012-3b4c-4e89-9a11-000000000009,3900,35.0,145.0,3822.0,0.0,0.0,3691.8
c1f7a012-3b4c-4e89-9a11-000000000009,4000,35.0,145.0,3920.0,0.0,0.0,3789.8
c1f7a012-3b4c-4e89-9a11-000000000009,4100,35.0,145.0,4018.0,0.0,0.0,3887.8
c1f7a012-3b4c-4e89-9a11-000000000009,4200,35.0,145.0,4116.0,0.0,0.0,3985.8
c1f7a012-3b4c-4e89-9a11-000000000010,0,0.0,145.0,0,0.0,0.0,-127.0
c1f7a012-3b4c-4e89-9a11-000000000010,100,0.0,145.0,100,0.0,0.0,-27.0
c1f7a012-3b4c-4e89-9a11-000000000010,200,0.0,145.0,200,0.0,0.0,73.0
c1f7a012-3b4c-4e89-9a11-000000000010,300,0.0,145.0,300,0.0,0.0,173.0
c1f7a012-3b4c-4e89-9a11-000000000010,400,0.0,145.0,400,0.0,0.0,273.0
c1f7a012-3b4c-4e89-9a11-000000000010,500,0.0,145.0,500,0.0,0.0,373.0
c1f7a012-3b4c-4e89-9a11-000000000010,600,1.5,145.0,588.0,0.0,0.0,461.0
c1f7a012-3b4c-4e89-9a11-000000000010,700,3.0,145.0,686.0,0.0,0.0,559.0
c1f7a012-3b4c-4e89-9a11-000000000010,800,4.5,145.0,784.0,0.0,0.0,657.0
c1f7a012-3b4c-4e89-9a11-000000000010,900,6.0,145.0,882.0,0.0,0.0,755.0
c1f7a012-3b4c-4e89-9a11-000000000010,1000,7.5,145.0,980.0,0.0,0.0,853.0
c1f7a012-3b4c-4e89-9a11-000000000010,1100,9.0,145.0,1078.0,0.0,0.0,951.0
c1f7a012-3b4c-4e89-9a11-000000000010,1200,10.5,145.0,1176.0,0.0,0.0,1049.0
c1f7a012-3b4c-4e89-9a11-000000000010,1300,12.0,145.0,1274.0,0.0,0.0,1147.0
c1f7a012-3b4c-4e89-9a11-000000000010,1400,13.5,145.0,1372.0,0.0,0.0,1245.0
c1f7a012-3b4c-4e89-9a11-000000000010,1500,15.0,145.0,1470.0,0.0,0.0,1343.0
c1f7a012-3b4c-4e89-9a11-000000000010,1600,16.5,145.0,1568.0,0.0,0.0,1441.0
c1f7a012-3b4c-4e89-9a11-000000000010,1700,18.0,145.0,1666.0,0.0,0.0,1539.0
c1f7a012-3b4c-4e89-9a11-000000000010,1800,19.5,145.0,1764.0,0.0,0.0,1637.0
c1f7a012-3b4c-4e89-9a11-000000000010,1900,21.0,145.0,1862.0,0.0,0.0,1735.0
c1f7a012-3b4c-4e89-9a11-000000000010,2000,22.5,145.0,1960.0,0.0,0.0,1833.0
c1f7a012-3b4c-4e89-9a11-000000000010,2100,24.0,145.0,2058.0,0.0,0.0,1931.0
c1f7a012-3b4c-4e89-9a11-000000000010,2200,25.5,145.0,2156.0,0.0,0.0,2029.0
c1f7a012-3b4c-4e89-9a11-000000000010,2300,27.0,145.0,2254.0,0.0,0.0,2127.0
c1f7a012-3b4c-4e89-9a11-000000000010,2400,28.5,145.0,2352.0,0.0,0.0,2225.0
c1f7a012-3b4c-4e89-9a11-000000000010,2500,30.0,145.0,2450.0,0.0,0.0,2323.0
c1f7a012-3b4c-4e89-9a11-000000000010,2600,31.5,145.0,2548.0,0.0,0.0,2421.0
c1f7a012-3b4c-4e89-9a11-000000000010,2700,33.0,145.0,2646.0,0.0,0.0,2519.0
c1f7a012-3b4c-4e89-9a11-000000000010,2800,34.5,145.0,2744.0,0.0,0.0,2617.0
c1f7a012-3b4c-4e89-9a11-000000000010,2900,35.0,145.0,2842.0,0.0,0.0,2715.0
c1f7a012-3b4c-4e89-9a11-000000000010,3000,35.0,145.0,2940.0,0.0,0.0,2813.0
c1f7a012-3b4c-4e89-9a11-000000000010,3100,35.0,145.0,3038.0,0.0,0.0,2911.0
c1f7a012-3b4c-4e89-9a11-000000000010,3200,35.0,145.0,3136.0,0.0,0.0,3009.0
c1f7a012-3b4c-4e89-9a11-000000000010,3300,35.0,145.0,3234.0,0.0,0.0,3107.0
c1f7a012-3b4c-4e89-9a11-000000000010,3400,35.0,145.0,3332.0,0.0,0.0,3205.0
c1f7a012-3b4c-4e89-9a11-000000000010,3500,35.0,145.0,3430.0,0.0,0.0,3303.0
c1f7a012-3b4c-4e89-9a11-000000000010,3600,35.0,145.0,3528.0,0.0,0.0,3401.0
c1f7a012-3b4c-4e89-9a11-000000000010,3700,35.0,145.0,3626.0,0.0,0.0,3499.0
c1f7a012-3b4c-4e89-9a11-000000000010,3800,35.0,145.0,3724.0,0.0,0.0,3597.0
c1f7a012-3b4c-4e89-9a11-000000000010,3900,35.0,145.0,3822.0,0.0,0.0,3695.0
c1f7a012-3b4c-4e89-9a11-000000000011,0,0.0,145.0,0,0.0,0.0,-120.0
c1f7a012-3b4c-4e89-9a11-000000000011,100,0.0,145.0,100,0.0,0.0,-20.0
c1f7a012-3b4c-4e89-9a11-000000000011,200,0.0,145.0,200,0.0,0.0,80.0
c1f7a012-3b4c-4e89-9a11-000000000011,300,0.0,145.0,300,0.0,0.0,180.0
c1f7a012-3b4c-4e89-9a11-000000000011,400,0.0,145.0,400,0.0,0.0,280.0
c1f7a012-3b4c-4e89-9a11-000000000011,500,0.0,145.0,500,0.0,0.0,380.0
c1f7a012-3b4c-4e89-9a11-000000000011,600,1.5,145.0,588.0,0.0,0.0,468.0
c1f7a012-3b4c-4e89-9a11-000000000011,700,3.0,145.0,686.0,0.0,0.0,566.0
c1f7a012-3b4c-4e89-9a11-000000000011,800,4.5,145.0,784.0,0.0,0.0,664.0
c1f7a012-3b4c-4e89-9a11-000000000011,900,6.0,145.0,882.0,0.0,0.0,762.0
c1f7a012-3b4c-4e89-9a11-000000000011,1000,7.5,145.0,980.0,0.0,0.0,860.0
c1f7a012-3b4c-4e89-9a11-000000000011,1100,9.0,145.0,1078.0,0.0,0.0,958.0
c1f7a012-3b4c-4e89-9a11-000000000011,1200,10.5,145.0,1176.0,0.0,0.0,1056.0
c1f7a012-3b4c-4e89-9a11-000000000011,1300,12.0,145.0,1274.0,0.0,0.0,1154.0
c1f7a012-3b4c-4e89-9a11-000000000011,1400,13.5,145.0,1372.0,0.0,0.0,1252.0
c1f7a012-3b4c-4e89-9a11-000000000011,1500,15.0,145.0,1470.0,0.0,0.0,1350.0
c1f7a012-3b4c-4e89-9a11-000000000011,1600,16.5,145.0,1568.0,0.0,0.0,1448.0
c1f7a012-3b4c-4e89-9a11-000000000011,1700,18.0,145.0,1666.0,0.0,0.0,1546.0
c1f7a012-3b4c-4e89-9a11-000000000011,1800,19.5,145.0,1764.0,0.0,0.0,1644.0
c1f7a012-3b4c-4e89-9a11-000000000011,1900,21.0,145.0,1862.0,0.0,0.0,1742.0
c1f7a012-3b4c-4e89-9a11-000000000011,2000,22.5,145.0,1960.0,0.0,0.0,1840.0
c1f7a012-3b4c-4e89-9a11-000000000011,2100,24.0,145.0,2058.0,0.0,0.0,1938.0
c1f7a012-3b4c-4e89-9a11-000000000011,2200,25.5,145.0,2156.0,0.0,0.0,2036.0
c1f7a012-3b4c-4e89-9a11-000000000011,2300,27.0,145.0,2254.0,0.0,0.0,2134.0
c1f7a012-3b4c-4e89-9a11-000000000011,2400,28.5,145.0,2352.0,0.0,0.0,2232.0
c1f7a012-3b4c-4e89-9a11-000000000011,2500,30.0,145.0,2450.0,0.0,0.0,2330.0
c1f7a012-3b4c-4e89-9a11-000000000011,2600,31.5,145.0,2548.0,0.0,0.0,2428.0
c1f7a012-3b4c-4e89-9a11-000000000011,2700,33.0,145.0,2646.0,0.0,0.0,2526.0
c1f7a012-3b4c-4e89-9a11-000000000011,2800,34.5,145.0,2744.0,0.0,0.0,2624.0
c1f7a012-3b4c-4e89-9a11-000000000011,2900,35.0,145.0,2842.0,0.0,0.0,2722.0
c1f7a012-3b4c-4e89-9a11-000000000011,3000,35.0,145.0,2940.0,0.0,0.0,2820.0
c1f7a012-3b4c-4e89-9a11-000000000011,3100,35.0,145.0,3038.0,0.0,0.0,2918.0
c1f7a012-3b4c-4e89-9a11-000000000011,3200,35.0,145.0,3136.0,0.0,0.0,3016.0
c1f7a012-3b4c-4e89-9a11-000000000011,3300,35.0,145.0,3234.0,0.0,0.0,3114.0
c1f7a012-3b4c-4e89-9a11-000000000011,3400,35.0,145.0,3332.0,0.0,0.0,3212.0
c1f7a012-3b4c-4e89-9a11-000000000011,3500,35.0,145.0,3430.0,0.0,0.0,3310.0
c1f7a012-3b4c-4e89-9a11-000000000011,3600,35.0,145.0,3528.0,0.0,0.0,3408.0
c1f7a012-3b4c-4e89-9a11-000000000012,0,0.0,145.0,0,0.0,0.0,-125.0
c1f7a012-3b4c-4e89-9a11-000000000012,100,0.0,145.0,100,0.0,0.0,-25.0
c1f7a012-3b4c-4e89-9a11-000000000012,200,0.0,145.0,200,0.0,0.0,75.0
c1f7a012-3b4c-4e89-9a11-000000000012,300,0.0,145.0,300,0.0,0.0,175.0
c1f7a012-3b4c-4e89-9a11-000000000012,400,0.0,145.0,400,0.0,0.0,275.0
c1f7a012-3b4c-4e89-9a11-000000000012,500,0.0,145.0,500,0.0,0.0,375.0
c1f7a012-3b4c-4e89-9a11-000000000012,600,1.5,145.0,588.0,0.0,0.0,463.0
c1f7a012-3b4c-4e89-9a11-000000000012,700,3.0,145.0,686.0,0.0,0.0,561.0
c1f7a012-3b4c-4e89-9a11-000000000012,800,4.5,145.0,784.0,0.0,0.0,659.0
c1f7a012-3b4c-4e89-9a11-000000000012,900,6.0,145.0,882.0,0.0,0.0,757.0
c1f7a012-3b4c-4e89-9a11-000000000012,1000,7.5,145.0,980.0,0.0,0.0,855.0
c1f7a012-3b4c-4e89-9a11-000000000012,1100,9.0,145.0,1078.0,0.0,0.0,953.0
c1f7a012-3b4c-4e89-9a11-000000000012,1200,10.5,145.0,1176.0,0.0,0.0,1051.0
c1f7a012-3b4c-4e89-9a11-000000000012,1300,12.0,145.0,1274.0,0.0,0.0,1149.0
c1f7a012-3b4c-4e89-9a11-000000000012,1400,13.5,145.0,1372.0,0.0,0.0,1247.0
c1f7a012-3b4c-4e89-9a11-000000000012,1500,15.0,145.0,1470.0,0.0,0.0,1345.0
c1f7a012-3b4c-4e89-9a11-000000000012,1600,16.5,145.0,1568.0,0.0,0.0,1443.0
c1f7a012-3b4c-4e89-9a11-000000000012,1700,18.0,145.0,1666.0,0.0,0.0,1541.0
c1f7a012-3b4c-4e89-9a11-000000000012,1800,19.5,145.0,1764.0,0.0,0.0,1639.0
c1f7a012-3b4c-4e89-9a11-000000000012,1900,21.0,145.0,1862.0,0.0,0.0,1737.0
c1f7a012-3b4c-4e89-9a11-000000000012,2000,22.5,145.0,1960.0,0.0,0.0,1835.0
c1f7a012-3b4c-4e89-9a11-000000000012,2100,24.0,145.0,2058.0,0.0,0.0,1933.0
c1f7a012-3b4c-4e89-9a11-000000000012,2200,25.5,145.0,2156.0,0.0,0.0,2031.0
c1f7a012-3b4c-4e89-9a11-000000000012,2300,27.0,145.0,2254.0,0.0,0.0,2129.0
c1f7a012-3b4c-4e89-9a11-000000000012,2400,28.5,145.0,2352.0,0.0,0.0,2227.0
c1f7a012-3b4c-4e89-9a11-000000000012,2500,30.0,145.0,2450.0,0.0,0.0,2325.0
c1f7a012-3b4c-4e89-9a11-000000000012,2600,31.5,145.0,2548.0,0.0,0.0,2423.0
c1f7a012-3b4c-4e89-9a11-000000000012,2700,33.0,145.0,2646.0,0.0,0.0,2521.0
c1f7a012-3b4c-4e89-9a11-000000000012,2800,34.5,145.0,2744.0,0.0,0.0,2619.0
c1f7a012-3b4c-4e89-9a11-000000000012,2900,35.0,145.0,2842.0,0.0,0.0,2717.0
c1f7a012-3b4c-4e89-9a11-000000000012,3000,35.0,145.0,2940.0,0.0,0.0,2815.0
c1f7a012-3b4c-4e89-9a11-000000000012,3100,35.0,145.0,3038.0,0.0,0.0,2913.0
c1f7a012-3b4c-4e89-9a11-000000000012,3200,35.0,145.0,3136.0,0.0,0.0,3011.0
c1f7a012-3b4c-4e89-9a11-000000000012,3300,35.0,145.0,3234.0,0.0,0.0,3109.0
c1f7a012-3b4c-4e89-9a11-000000000012,3400,35.0,145.0,3332.0,0.0,0.0,3207.0
c1f7a012-3b4c-4e89-9a11-000000000012,3500,35.0,145.0,3430.0,0.0,0.0,3305.0
c1f7a012-3b4c-4e89-9a11-000000000012,3600,35.0,145.0,3528.0,0.0,0.0,3403.0
c1f7a012-3b4c-4e89-9a11-000000000012,3700,35.0,145.0,3626.0,0.0,0.0,3501.0
c1f7a012-3b4c-4e89-9a11-000000000013,0,0.0,145.0,0,0.0,0.0,-116.0
c1f7a012-3b4c-4e89-9a11-000000000013,100,0.0,145.0,100,0.0,0.0,-16.0
c1f7a012-3b4c-4e89-9a11-000000000013,200,0.0,145.0,200,0.0,0.0,84.0
c1f7a012-3b4c-4e89-9a11-000000000013,300,0.0,145.0,300,0.0,0.0,184.0
c1f7a012-3b4c-4e89-9a11-000000000013,400,0.0,145.0,400,0.0,0.0,284.0
c1f7a012-3b4c-4e89-9a11-000000000013,500,0.0,145.0,500,0.0,0.0,384.0
c1f7a012-3b4c-4e89-9a11-000000000013,600,1.5,145.0,588.0,0.0,0.0,472.0
c1f7a012-3b4c-4e89-9a11-000000000013,700,3.0,145.0,686.0,0.0,0.0,570.0
c1f7a012-3b4c-4e89-9a11-000000000013,800,4.5,145.0,784.0,0.0,0.0,668.0
c1f7a012-3b4c-4e89-9a11-000000000013,900,6.0,145.0,882.0,0.0,0.0,766.0
c1f7a012-3b4c-4e89-9a11-000000000013,1000,7.5,145.0,980.0,0.0,0.0,864.0
c1f7a012-3b4c-4e89-9a11-000000000013,1100,9.0,145.0,1078.0,0.0,0.0,962.0
c1f7a012-3b4c-4e89-9a11-000000000013,1200,10.5,145.0,1176.0,0.0,0.0,1060.0
c1f7a012-3b4c-4e89-9a11-000000000013,1300,12.0,145.0,1274.0,0.0,0.0,1158.0
c1f7a012-3b4c-4e89-9a11-000000000013,1400,13.5,145.0,1372.0,0.0,0.0,1256.0
c1f7a012-3b4c-4e89-9a11-000000000013,1500,15.0,145.0,1470.0,0.0,0.0,1354.0
c1f7a012-3b4c-4e89-9a11-000000000013,1600,16.5,145.0,1568.0,0.0,0.0,1452.0
c1f7a012-3b4c-4e89-9a11-000000000013,1700,18.0,145.0,1666.0,0.0,0.0,1550.0
c1f7a012-3b4c-4e89-9a11-000000000013,1800,19.5,145.0,1764.0,0.0,0.0,1648.0
c1f7a012-3b4c-4e89-9a11-000000000013,1900,21.0,145.0,1862.0,0.0,0.0,1746.0
c1f7a012-3b4c-4e89-9a11-000000000013,2000,22.5,145.0,1960.0,0.0,0.0,1844.0
c1f7a012-3b4c-4e89-9a11-000000000013,2100,24.0,145.0,2058.0,0.0,0.0,1942.0
c1f7a012-3b4c-4e89-9a11-000000000013,2200,25.5,145.0,2156.0,0.0,0.0,2040.0
c1f7a012-3b4c-4e89-9a11-000000000013,2300,27.0,145.0,2254.0,0.0,0.0,2138.0
c1f7a012-3b4c-4e89-9a11-000000000013,2400,28.5,145.0,2352.0,0.0,0.0,2236.0
c1f7a012-3b4c-4e89-9a11-000000000013,2500,30.0,145.0,2450.0,0.0,0.0,2334.0
c1f7a012-3b4c-4e89-9a11-000000000013,2600,31.5,145.0,2548.0,0.0,0.0,2432.0
c1f7a012-3b4c-4e89-9a11-000000000013,2700,33.0,145.0,2646.0,0.0,0.0,2530.0
c1f7a012-3b4c-4e89-9a11-000000000013,2800,34.5,145.0,2744.0,0.0,0.0,2628.0
c1f7a012-3b4c-4e89-9a11-000000000013,2900,35.0,145.0,2842.0,0.0,0.0,2726.0
c1f7a012-3b4c-4e89-9a11-000000000013,3000,35.0,145.0,2940.0,0.0,0.0,2824.0
c1f7a012-3b4c-4e89-9a11-000000000013,3100,35.0,145.0,3038.0,0.0,0.0,2922.0
c1f7a012-3b4c-4e89-9a11-000000000013,3200,35.0,145.0,3136.0,0.0,0.0,3020.0
c1f7a012-3b4c-4e89-9a11-000000000013,3300,35.0,145.0,3234.0,0.0,0.0,3118.0
c1f7a012-3b4c-4e89-9a11-000000000013,3400,35.0,145.0,3332.0,0.0,0.0,3216.0
c1f7a012-3b4c-4e89-9a11-000000000013,3500,35.0,145.0,3430.0,0.0,0.0,3314.0
c1f7a012-3b4c-4e89-9a11-000000000013,3600,35.0,145.0,3528.0,0.0,0.0,3412.0
c1f7a012-3b4c-4e89-9a11-000000000013,3700,35.0,145.0,3626.0,0.0,0.0,3510.0
c1f7a012-3b4c-4e89-9a11-000000000013,3800,35.0,145.0,3724.0,0.0,0.0,3608.0
c1f7a012-3b4c-4e89-9a11-000000000013,3900,35.0,145.0,3822.0,0.0,0.0,3706.0
c1f7a012-3b4c-4e89-9a11-000000000013,4000,35.0,145.0,3920.0,0.0,0.0,3804.0
c1f7a012-3b4c-4e89-9a11-000000000014,0,0.0,145.0,0,0.0,0.0,-129.0
c1f7a012-3b4c-4e89-9a11-000000000014,100,0.0,145.0,100,0.0,0.0,-29.0
c1f7a012-3b4c-4e89-9a11-000000000014,200,0.0,145.0,200,0.0,0.0,71.0
c1f7a012-3b4c-4e89-9a11-000000000014,300,0.0,145.0,300,0.0,0.0,171.0
c1f7a012-3b4c-4e89-9a11-000000000014,400,0.0,145.0,400,0.0,0.0,271.0
c1f7a012-3b4c-4e89-9a11-000000000014,500,0.0,145.0,500,0.0,0.0,371.0
c1f7a012-3b4c-4e89-9a11-000000000014,600,1.5,145.0,588.0,0.0,0.0,459.0
c1f7a012-3b4c-4e89-9a11-000000000014,700,3.0,145.0,686.0,0.0,0.0,557.0
c1f7a012-3b4c-4e89-9a11-000000000014,800,4.5,145.0,784.0,0.0,0.0,655.0
c1f7a012-3b4c-4e89-9a11-000000000014,900,6.0,145.0,882.0,0.0,0.0,753.0
c1f7a012-3b4c-4e89-9a11-000000000014,1000,7.5,145.0,980.0,0.0,0.0,851.0
c1f7a012-3b4c-4e89-9a11-000000000014,1100,9.0,145.0,1078.0,0.0,0.0,949.0
c1f7a012-3b4c-4e89-9a11-000000000014,1200,10.5,145.0,1176.0,0.0,0.0,1047.0
c1f7a012-3b4c-4e89-9a11-000000000014,1300,12.0,145.0,1274.0,0.0,0.0,1145.0
c1f7a012-3b4c-4e89-9a11-000000000014,1400,13.5,145.0,1372.0,0.0,0.0,1243.0
c1f7a012-3b4c-4e89-9a11-000000000014,1500,15.0,145.0,1470.0,0.0,0.0,1341.0
c1f7a012-3b4c-4e89-9a11-000000000014,1600,16.5,145.0,1568.0,0.0,0.0,1439.0
c1f7a012-3b4c-4e89-9a11-000000000014,1700,18.0,145.0,1666.0,0.0,0.0,1537.0
c1f7a012-3b4c-4e89-9a11-000000000014,1800,19.5,145.0,1764.0,0.0,0.0,1635.0
c1f7a012-3b4c-4e89-9a11-000000000014,1900,21.0,145.0,1862.0,0.0,0.0,1733.0
c1f7a012-3b4c-4e89-9a11-000000000014,2000,22.5,145.0,1960.0,0.0,0.0,1831.0
c1f7a012-3b4c-4e89-9a11-000000000014,2100,24.0,145.0,2058.0,0.0,0.0,1929.0
c1f7a012-3b4c-4e89-9a11-000000000014,2200,25.5,145.0,2156.0,0.0,0.0,2027.0
c1f7a012-3b4c-4e89-9a11-000000000014,2300,27.0,145.0,2254.0,0.0,0.0,2125.0
c1f7a012-3b4c-4e89-9a11-000000000014,2400,28.5,145.0,2352.0,0.0,0.0,2223.0
c1f7a012-3b4c-4e89-9a11-000000000014,2500,30.0,145.0,2450.0,0.0,0.0,2321.0
c1f7a012-3b4c-4e89-9a11-000000000014,2600,31.5,145.0,2548.0,0.0,0.0,2419.0
c1f7a012-3b4c-4e89-9a11-000000000014,2700,33.0,145.0,2646.0,0.0,0.0,2517.0
c1f7a012-3b4c-4e89-9a11-000000000014,2800,34.5,145.0,2744.0,0.0,0.0,2615.0
c1f7a012-3b4c-4e89-9a11-000000000014,2900,35.0,145.0,2842.0,0.0,0.0,2713.0
c1f7a012-3b4c-4e89-9a11-000000000014,3000,35.0,145.0,2940.0,0.0,0.0,2811.0
c1f7a012-3b4c-4e89-9a11-000000000014,3100,35.0,145.0,3038.0,0.0,0.0,2909.0
c1f7a012-3b4c-4e89-9a11-000000000014,3200,35.0,145.0,3136.0,0.0,0.0,3007.0
c1f7a012-3b4c-4e89-9a11-000000000014,3300,35.0,145.0,3234.0,0.0,0.0,3105.0
c1f7a012-3b4c-4e89-9a11-000000000014,3400,35.0,145.0,3332.0,0.0,0.0,3203.0
c1f7a012-3b4c-4e89-9a11-000000000014,3500,35.0,145.0,3430.0,0.0,0.0,3301.0
c1f7a012-3b4c-4e89-9a11-000000000014,3600,35.0,145.0,3528.0,0.0,0.0,3399.0
c1f7a012-3b4c-4e89-9a11-000000000014,3700,35.0,145.0,3626.0,0.0,0.0,3497.0
c1f7a012-3b4c-4e89-9a11-000000000014,3800,35.0,145.0,3724.0,0.0,0.0,3595.0
c1f7a012-3b4c-4e89-9a11-000000000014,3900,35.0,145.0,3822.0,0.0,0.0,3693.0
c1f7a012-3b4c-4e89-9a11-000000000014,4000,35.0,145.0,3920.0,0.0,0.0,3791.0
c1f7a012-3b4c-4e89-9a11-000000000014,4100,35.0,145.0,4018.0,0.0,0.0,3889.0
c1f7a012-3b4c-4e89-9a11-000000000014,4200,35.0,145.0,4116.0,0.0,0.0,3987.0
c1f7a012-3b4c-4e89-9a11-000000000014,4300,35.0,145.0,4214.0,0.0,0.0,4085.0
c1f7a012-3b4c-4e89-9a11-000000000015,0,0.0,145.0,0,0.0,0.0,-128.0
c1f7a012-3b4c-4e89-9a11-000000000015,100,0.0,145.0,100,0.0,0.0,-28.0
c1f7a012-3b4c-4e89-9a11-000000000015,200,0.0,145.0,200,0.0,0.0,72.0
c1f7a012-3b4c-4e89-9a11-000000000015,300,0.0,145.0,300,0.0,0.0,172.0
c1f7a012-3b4c-4e89-9a11-000000000015,400,0.0,145.0,400,0.0,0.0,272.0
c1f7a012-3b4c-4e89-9a11-000000000015,500,0.0,145.0,500,0.0,0.0,372.0
c1f7a012-3b4c-4e89-9a11-000000000015,600,1.5,145.0,588.0,0.0,0.0,460.0
c1f7a012-3b4c-4e89-9a11-000000000015,700,3.0,145.0,686.0,0.0,0.0,558.0
c1f7a012-3b4c-4e89-9a11-000000000015,800,4.5,145.0,784.0,0.0,0.0,656.0
c1f7a012-3b4c-4e89-9a11-000000000015,900,6.0,145.0,882.0,0.0,0.0,754.0
c1f7a012-3b4c-4e89-9a11-000000000015,1000,7.5,145.0,980.0,0.0,0.0,852.0
c1f7a012-3b4c-4e89-9a11-000000000015,1100,9.0,145.0,1078.0,0.0,0.0,950.0
c1f7a012-3b4c-4e89-9a11-000000000015,1200,10.5,145.0,1176.0,0.0,0.0,1048.0
c1f7a012-3b4c-4e89-9a11-000000000015,1300,12.0,145.0,1274.0,0.0,0.0,1146.0
c1f7a012-3b4c-4e89-9a11-000000000015,1400,13.5,145.0,1372.0,0.0,0.0,1244.0
c1f7a012-3b4c-4e89-9a11-000000000015,1500,15.0,145.0,1470.0,0.0,0.0,1342.0
c1f7a012-3b4c-4e89-9a11-000000000015,1600,16.5,145.0,1568.0,0.0,0.0,1440.0
c1f7a012-3b4c-4e89-9a11-000000000015,1700,18.0,145.0,1666.0,0.0,0.0,1538.0
c1f7a012-3b4c-4e89-9a11-000000000015,1800,19.5,145.0,1764.0,0.0,0.0,1636.0
c1f7a012-3b4c-4e89-9a11-000000000015,1900,21.0,145.0,1862.0,0.0,0.0,1734.0
c1f7a012-3b4c-4e89-9a11-000000000015,2000,22.5,145.0,1960.0,0.0,0.0,1832.0
c1f7a012-3b4c-4e89-9a11-000000000015,2100,24.0,145.0,2058.0,0.0,0.0,1930.0
c1f7a012-3b4c-4e89-9a11-000000000015,2200,25.5,145.0,2156.0,0.0,0.0,2028.0
c1f7a012-3b4c-4e89-9a11-000000000015,2300,27.0,145.0,2254.0,0.0,0.0,2126.0
c1f7a012-3b4c-4e89-9a11-000000000015,2400,28.5,145.0,2352.0,0.0,0.0,2224.0
c1f7a012-3b4c-4e89-9a11-000000000015,2500,30.0,145.0,2450.0,0.0,0.0,2322.0
c1f7a012-3b4c-4e89-9a11-000000000015,2600,31.5,145.0,2548.0,0.0,0.0,2420.0
c1f7a012-3b4c-4e89-9a11-000000000015,2700,33.0,145.0,2646.0,0.0,0.0,2518.0
c1f7a012-3b4c-4e89-9a11-000000000015,2800,34.5,145.0,2744.0,0.0,0.0,2616.0
c1f7a012-3b4c-4e89-9a11-000000000015,2900,35.0,145.0,2842.0,0.0,0.0,2714.0
c1f7a012-3b4c-4e89-9a11-000000000015,3000,35.0,145.0,2940.0,0.0,0.0,2812.0
c1f7a012-3b4c-4e89-9a11-000000000015,3100,35.0,145.0,3038.0,0.0,0.0,2910.0
c1f7a012-3b4c-4e89-9a11-000000000015,3200,35.0,145.0,3136.0,0.0,0.0,3008.0
c1f7a012-3b4c-4e89-9a11-000000000015,3300,35.0,145.0,3234.0,0.0,0.0,3106.0
c1f7a012-3b4c-4e89-9a11-000000000015,3400,35.0,145.0,3332.0,0.0,0.0,3204.0
c1f7a012-3b4c-4e89-9a11-000000000015,3500,35.0,145.0,3430.0,0.0,0.0,3302.0
c1f7a012-3b4c-4e89-9a11-000000000015,3600,35.0,145.0,3528.0,0.0,0.0,3400.0
c1f7a012-3b4c-4e89-9a11-000000000015,3700,35.0,145.0,3626.0,0.0,0.0,3498.0
c1f7a012-3b4c-4e89-9a11-000000000015,3800,35.0,145.0,3724.0,0.0,0.0,3596.0
c1f7a012-3b4c-4e89-9a11-000000000015,3900,35.0,145.0,3822.0,0.0,0.0,3694.0
c1f7a012-3b4c-4e89-9a11-000000000015,4000,35.0,145.0,3920.0,0.0,0.0,3792.0
c1f7a012-3b4c-4e89-9a11-000000000015,4100,35.0,145.0,4018.0,0.0,0.0,3890.0
