timestamp,well_id,depth_md,tvdss,ROP,WOB,RPM,torque,hookload,standpipe_pressure,pump_rate,mud_weight_in,mud_weight_out,ECD,pit_volume,flow_in,flow_out,provenance_type
1700000000.0,c1f7a012-3b4c-4e89-9a11-000000000001,2400.0,2278.8,18.5,18.2,95.0,12.8,185.0,2950.0,640.0,1.16,1.16,1.21,320.0,640.0,639.8,SYNTHETIC
1700000001.0,c1f7a012-3b4c-4e89-9a11-000000000001,2401.0,2279.8,18.5,18.2,95.0,12.8,185.0,2950.0,640.0,1.16,1.16,1.21,320.0,640.0,639.8,SYNTHETIC
1700000002.0,c1f7a012-3b4c-4e89-9a11-000000000001,2402.0,2280.8,18.5,18.2,95.0,12.8,185.0,2950.0,640.0,1.16,1.16,1.21,320.0,640.0,639.8,SYNTHETIC
1700000003.0,c1f7a012-3b4c-4e89-9a11-000000000001,2403.0,2281.8,18.5,18.2,95.0,12.8,185.0,2950.0,640.0,1.16,1.16,1.21,320.0,640.0,639.8,SYNTHETIC
1700000004.0,c1f7a012-3b4c-4e89-9a11-000000000001,2404.0,2282.8,18.5,18.2,95.0,12.8,185.0,2950.0,640.0,1.16,1.16,1.21,320.0,640.0,639.8,SYNTHETIC
1700000005.0,c1f7a012-3b4c-4e89-9a11-000000000001,2405.0,2283.8,18.5,18.2,95.0,12.8,185.0,2950.0,640.0,1.16,1.16,1.21,320.0,640.0,639.8,SYNTHETIC
1700000006.0,c1f7a012-3b4c-4e89-9a11-000000000001,2406.0,2284.8,18.5,18.2,95.0,12.8,185.0,2950.0,640.0,1.16,1.16,1.21,320.0,640.0,639.8,SYNTHETIC
1700000007.0,c1f7a012-3b4c-4e89-9a11-000000000001,2407.0,2285.8,18.5,18.2,95.0,12.8,185.0,2950.0,640.0,1.16,1.16,1.21,320.0,640.0,639.8,SYNTHETIC
1700000008.0,c1f7a012-3b4c-4e89-9a11-000000000001,2408.0,2286.8,18.5,18.2,95.0,12.8,185.0,2950.0,640.0,1.16,1.16,1.21,320.0,640.0,639.8,SYNTHETIC
1700000009.0,c1f7a012-3b4c-4e89-9a11-000000000001,2409.0,2287.8,18.5,18.2,95.0,12.8,185.0,2950.0,640.0,1.16,1.16,1.21,320.0,640.0,639.8,SYNTHETIC
1700000010.0,c1f7a012-3b4c-4e89-9a11-000000000001,2410.0,2288.8,18.5,18.2,95.0,12.8,185.0,2950.0,640.0,1.16,1.16,1.21,320.0,640.0,639.8,SYNTHETIC
1700000011.0,c1f7a012-3b4c-4e89-9a11-000000000001,2411.0,2289.8,18.5,18.2,95.0,12.8,185.0,2950.0,640.0,1.16,1.16,1.21,320.0,640.0,639.8,SYNTHETIC
1700000012.0,c1f7a012-3b4c-4e89-9a11-000000000001,2412.0,2290.8,18.5,18.2,95.0,12.8,185.0,2950.0,640.0,1.16,1.16,1.21,320.0,640.0,639.8,SYNTHETIC
1700000013.0,c1f7a012-3b4c-4e89-9a11-000000000001,2413.0,2291.8,12.2,18.2,95.0,15.4,185.0,2950.0,640.0,1.16,1.16,1.21,320.0,640.0,639.8,SYNTHETIC
1700000014.0,c1f7a012-3b4c-4e89-9a11-000000000001,2414.0,2292.8,12.2,18.2,95.0,15.4,185.0,2950.0,640.0,1.16,1.16,1.21,320.0,640.0,639.8,SYNTHETIC
1700000015.0,c1f7a012-3b4c-4e89-9a11-000000000001,2415.0,2293.8,12.2,18.2,95.0,15.4,185.0,2950.0,640.0,1.16,1.16,1.21,320.0,640.0,639.8,SYNTHETIC
1700000016.0,c1f7a012-3b4c-4e89-9a11-000000000001,2416.0,2294.8,12.2,18.2,95.0,15.4,185.0,2950.0,640.0,1.16,1.16,1.21,320.0,640.0,639.8,SYNTHETIC
1700000017.0,c1f7a012-3b4c-4e89-9a11-000000000001,2417.0,2295.8,12.2,18.2,95.0,15.4,185.0,2950.0,640.0,1.16,1.16,1.21,320.0,640.0,639.8,SYNTHETIC
1700000018.0,c1f7a012-3b4c-4e89-9a11-000000000001,2418.0,2296.8,12.2,18.2,95.0,15.4,185.0,2950.0,640.0,1.16,1.16,1.21,320.0,640.0,639.8,SYNTHETIC
1700000019.0,c1f7a012-3b4c-4e89-9a11-000000000001,2419.0,2297.8,12.2,18.2,95.0,15.4,185.0,2950.0,640.0,1.16,1.16,1.21,320.0,640.0,639.8,SYNTHETIC
1700000020.0,c1f7a012-3b4c-4e89-9a11-000000000001,2420.0,2298.8,12.2,18.2,95.0,15.4,185.0,2950.0,640.0,1.16,1.16,1.21,320.0,640.0,639.8,SYNTHETIC
1700000021.0,c1f7a012-3b4c-4e89-9a11-000000000001,2421.0,2299.8,12.2,18.2,95.0,15.4,185.0,2950.0,640.0,1.16,1.16,1.21,320.0,640.0,639.8,SYNTHETIC
1700000022.0,c1f7a012-3b4c-4e89-9a11-000000000001,2422.0,2300.8,12.2,18.2,95.0,15.4,185.0,2950.0,640.0,1.16,1.16,1.21,320.0,640.0,639.8,SYNTHETIC
1700000023.0,c1f7a012-3b4c-4e89-9a11-000000000001,2423.0,2301.8,12.2,18.2,95.0,15.4,185.0,2950.0,640.0,1.16,1.16,1.21,320.0,640.0,639.8,SYNTHETIC
1700000024.0,c1f7a012-3b4c-4e89-9a11-000000000001,2424.0,2302.8,12.2,18.2,95.0,15.4,185.0,2950.0,640.0,1.16,1.16,1.21,320.0,640.0,639.8,SYNTHETIC
1700000025.0,c1f7a012-3b4c-4e89-9a11-000000000001,2425.0,2303.8,12.2,18.2,95.0,15.4,185.0,2950.0,640.0,1.16,1.16,1.21,320.0,640.0,639.8,SYNTHETIC
1700000026.0,c1f7a012-3b4c-4e89-9a11-000000000001,2426.0,2304.8,12.2,18.2,95.0,15.4,185.0,2950.0,640.0,1.16,1.16,1.21,320.0,640.0,639.8,SYNTHETIC
1700000027.0,c1f7a012-3b4c-4e89-9a11-000000000001,2427.0,2305.8,12.2,18.2,95.0,15.4,185.0,2950.0,640.0,1.16,1.16,1.21,320.0,640.0,639.8,SYNTHETIC
1700000028.0,c1f7a012-3b4c-4e89-9a11-000000000001,2428.0,2306.8,12.2,18.2,95.0,15.4,185.0,2950.0,640.0,1.16,1.16,1.21,320.0,640.0,639.8,SYNTHETIC
1700000029.0,c1f7a012-3b4c-4e89-9a11-000000000001,2429.0,2307.8,12.2,18.2,95.0,15.4,185.0,2950.0,640.0,1.16,1.16,1.21,320.0,640.0,639.8,SYNTHETIC
1700000030.0,c1f7a012-3b4c-4e89-9a11-000000000001,2430.0,2308.8,12.2,18.2,95.0,15.4,185.0,2950.0,640.0,1.16,1.16,1.21,320.0,640.0,639.8,SYNTHETIC
1700000031.0,c1f7a012-3b4c-4e89-9a11-000000000001,2431.0,2309.8,12.2,18.2,95.0,15.4,185.0,2950.0,640.0,1.16,1.16,1.21,320.0,640.0,639.8,SYNTHETIC
1700000032.0,c1f7a012-3b4c-4e89-9a11-000000000001,2432.0,2310.8,12.2,18.2,95.0,15.4,185.0,2950.0,640.0,1.16,1.16,1.21,320.0,640.0,639.8,SYNTHETIC
1700000033.0,c1f7a012-3b4c-4e89-9a11-000000000001,2433.0,2311.8,12.2,18.2,95.0,15.4,185.0,2950.0,640.0,1.16,1.16,1.21,320.0,640.0,639.8,SYNTHETIC
1700000034.0,c1f7a012-3b4c-4e89-9a11-000000000001,2434.0,2312.8,12.2,18.2,95.0,15.4,185.0,2950.0,640.0,1.16,1.16,1.21,320.0,640.0,639.8,SYNTHETIC
1700000035.0,c1f7a012-3b4c-4e89-9a11-000000000001,2435.0,2313.8,12.2,18.2,95.0,15.4,185.0,2950.0,640.0,1.16,1.16,1.21,320.0,640.0,639.8,SYNTHETIC
1700000036.0,c1f7a012-3b4c-4e89-9a11-000000000001,2436.0,2314.8,12.2,18.2,95.0,15.4,185.0,2950.0,640.0,1.16,1.16,1.21,320.0,640.0,639.8,SYNTHETIC
1700000037.0,c1f7a012-3b4c-4e89-9a11-000000000001,2437.0,2315.8,12.2,18.2,95.0,15.4,185.0,2950.0,640.0,1.16,1.16,1.21,320.0,640.0,639.8,SYNTHETIC
1700000038.0,c1f7a012-3b4c-4e89-9a11-000000000001,2438.0,2316.8,12.2,18.2,95.0,15.4,185.0,2950.0,640.0,1.16,1.16,1.21,320.0,640.0,639.8,SYNTHETIC
1700000039.0,c1f7a012-3b4c-4e89-9a11-000000000001,2439.0,2317.8,12.2,18.2,95.0,15.4,185.0,2950.0,640.0,1.16,1.16,1.21,320.0,640.0,639.8,SYNTHETIC
1700000040.0,c1f7a012-3b4c-4e89-9a11-000000000001,2440.0,2318.8,12.2,18.2,95.0,15.4,185.0,2950.0,640.0,1.16,1.16,1.21,320.0,640.0,639.8,SYNTHETIC
1700000041.0,c1f7a012-3b4c-4e89-9a11-000000000001,2441.0,2319.8,12.2,18.2,95.0,15.4,185.0,2950.0,640.0,1.16,1.16,1.21,320.0,640.0,639.8,SYNTHETIC
1700000042.0,c1f7a012-3b4c-4e89-9a11-000000000001,2442.0,2320.8,12.2,18.2,95.0,15.4,185.0,2950.0,640.0,1.16,1.16,1.21,320.0,640.0,639.8,SYNTHETIC
1700000043.0,c1f7a012-3b4c-4e89-9a11-000000000001,2443.0,2321.8,12.2,18.2,95.0,15.4,185.0,2950.0,640.0,1.16,1.16,1.21,320.0,640.0,639.8,SYNTHETIC
1700000044.0,c1f7a012-3b4c-4e89-9a11-000000000001,2444.0,2322.8,12.2,18.2,95.0,15.4,185.0,2950.0,640.0,1.16,1.16,1.21,320.0,640.0,639.8,SYNTHETIC
1700000045.0,c1f7a012-3b4c-4e89-9a11-000000000001,2445.0,2323.8,12.2,18.2,95.0,15.4,185.0,2950.0,640.0,1.16,1.16,1.21,320.0,640.0,639.8,SYNTHETIC
1700000046.0,c1f7a012-3b4c-4e89-9a11-000000000001,2446.0,2324.8,12.2,18.2,95.0,15.4,185.0,2950.0,640.0,1.16,1.16,1.21,320.0,640.0,639.8,SYNTHETIC
1700000047.0,c1f7a012-3b4c-4e89-9a11-000000000001,2447.0,2325.8,12.2,18.2,95.0,15.4,185.0,2950.0,640.0,1.16,1.16,1.21,320.0,640.0,639.8,SYNTHETIC
1700000048.0,c1f7a012-3b4c-4e89-9a11-000000000001,2448.0,2326.8,12.2,18.2,95.0,15.4,185.0,2950.0,640.0,1.16,1.16,1.21,320.0,640.0,639.8,SYNTHETIC
1700000049.0,c1f7a012-3b4c-4e89-9a11-000000000001,2449.0,2327.8,12.2,18.2,95.0,15.4,185.0,2950.0,640.0,1.16,1.16,1.21,320.0,640.0,639.8,SYNTHETIC
