record_id,well_id,depth_m,pit_volume_bbl,flow_rate_gpm,spp_psi,loss_observed,provenance
LC-001,BENCH-WELL-LC1,2160.0,350.0,600.0,2800.0,0,PUBLIC
LC-002,BENCH-WELL-LC1,2170.0,350.0,600.0,2800.0,0,PUBLIC
LC-003,BENCH-WELL-LC1,2180.0,350.0,600.0,2800.0,0,PUBLIC
LC-004,BENCH-WELL-LC1,2190.0,350.0,600.0,2800.0,0,PUBLIC
LC-005,BENCH-WELL-LC1,2200.0,350.0,600.0,2800.0,0,PUBLIC
LC-006,BENCH-WELL-LC1,2210.0,350.0,600.0,2800.0,0,PUBLIC
LC-007,BENCH-WELL-LC1,2220.0,350.0,600.0,2800.0,0,PUBLIC
LC-008,BENCH-WELL-LC1,2230.0,350.0,600.0,2800.0,0,PUBLIC
LC-009,BENCH-WELL-LC1,2240.0,350.0,600.0,2800.0,0,PUBLIC
LC-010,BENCH-WELL-LC1,2250.0,350.0,600.0,2800.0,0,PUBLIC
LC-011,BENCH-WELL-LC1,2260.0,350.0,600.0,2800.0,0,PUBLIC
LC-012,BENCH-WELL-LC1,2270.0,326.0,600.0,2200.0,1,PUBLIC
LC-013,BENCH-WELL-LC1,2280.0,324.0,600.0,2200.0,1,PUBLIC
LC-014,BENCH-WELL-LC1,2290.0,322.0,600.0,2200.0,1,PUBLIC
LC-015,BENCH-WELL-LC1,2300.0,350.0,600.0,2800.0,0,PUBLIC
LC-016,BENCH-WELL-LC1,2310.0,350.0,600.0,2800.0,0,PUBLIC
LC-017,BENCH-WELL-LC1,2320.0,350.0,600.0,2800.0,0,PUBLIC
LC-018,BENCH-WELL-LC1,2330.0,350.0,600.0,2800.0,0,PUBLIC
LC-019,BENCH-WELL-LC1,2340.0,350.0,600.0,2800.0,0,PUBLIC
LC-020,BENCH-WELL-LC1,2350.0,350.0,600.0,2800.0,0,PUBLIC
LC-021,BENCH-WELL-LC1,2360.0,350.0,600.0,2800.0,0,PUBLIC
LC-022,BENCH-WELL-LC1,2370.0,350.0,600.0,2800.0,0,PUBLIC
LC-023,BENCH-WELL-LC1,2380.0,350.0,600.0,2800.0,0,PUBLIC
LC-024,BENCH-WELL-LC1,2390.0,350.0,600.0,2800.0,0,PUBLIC
LC-025,BENCH-WELL-LC1,2400.0,300.0,600.0,2200.0,1,PUBLIC
LC-026,BENCH-WELL-LC1,2410.0,298.0,600.0,2200.0,1,PUBLIC
LC-027,BENCH-WELL-LC1,2420.0,350.0,600.0,2800.0,0,PUBLIC
LC-028,BENCH-WELL-LC1,2430.0,350.0,600.0,2800.0,0,PUBLIC
LC-029,BENCH-WELL-LC1,2440.0,350.0,600.0,2800.0,0,PUBLIC
LC-030,BENCH-WELL-LC1,2450.0,350.0,600.0,2800.0,0,PUBLIC
