well_id,md,GR,RHOB,NPHI,DT,RES,SP,CALI,ROP,MUDWEIGHT,lithology,provenance_type
FORCE_15_9_13,2000,77.5,2.35,0.22,85.0,24.5,-25.0,8.5,18.0,1.15,Shale,PUBLIC
FORCE_15_9_13,2001,80.0,2.37,0.215,86.2,26.0,-25.0,8.5,19.1,1.15,Shale,PUBLIC
FORCE_15_9_13,2002,82.5,2.39,0.21,87.4,27.5,-25.0,8.5,20.2,1.15,Shale,PUBLIC
FORCE_15_9_13,2003,85.0,2.41,0.205,88.6,29.0,-25.0,8.5,21.3,1.15,Shale,PUBLIC
FORCE_15_9_13,2004,87.5,2.43,0.2,89.8,12.5,-25.0,8.5,22.4,1.15,Shale,PUBLIC
FORCE_15_9_13,2005,90.0,2.45,0.195,91.0,14.0,-25.0,8.5,18.0,1.15,Shale,PUBLIC
FORCE_15_9_13,2006,92.5,2.47,0.19,92.2,15.5,-25.0,8.5,19.1,1.15,Shale,PUBLIC
FORCE_15_9_13,2007,95.0,2.49,0.185,93.4,17.0,-25.0,8.5,20.2,1.15,Shale,PUBLIC
FORCE_15_9_13,2008,97.5,2.51,0.18,85.0,18.5,-25.0,8.5,21.3,1.15,Shale,PUBLIC
FORCE_15_9_13,2009,100.0,2.53,0.175,86.2,20.0,-25.0,8.5,22.4,1.15,Shale,PUBLIC
FORCE_15_9_13,2010,65.0,2.35,0.22,87.4,21.5,-25.0,8.5,18.0,1.15,Sandstone,PUBLIC
FORCE_15_9_13,2011,67.5,2.37,0.215,88.6,23.0,-25.0,8.5,19.1,1.15,Sandstone,PUBLIC
FORCE_15_9_13,2012,70.0,2.39,0.21,89.8,24.5,-25.0,8.5,20.2,1.15,Sandstone,PUBLIC
FORCE_15_9_13,2013,72.5,2.41,0.205,91.0,26.0,-25.0,8.5,21.3,1.15,Sandstone,PUBLIC
FORCE_15_9_13,2014,75.0,2.43,0.2,92.2,27.5,-25.0,8.5,22.4,1.15,Shale,PUBLIC
FORCE_15_9_13,2015,77.5,2.45,0.195,93.4,29.0,-25.0,8.5,18.0,1.15,Shale,PUBLIC
FORCE_15_9_13,2016,80.0,2.47,0.19,85.0,12.5,-25.0,8.5,19.1,1.15,Shale,PUBLIC
FORCE_15_9_13,2017,82.5,2.49,0.185,86.2,14.0,-25.0,8.5,20.2,1.15,Shale,PUBLIC
FORCE_15_9_13,2018,85.0,2.51,0.18,87.4,15.5,-25.0,8.5,21.3,1.15,Shale,PUBLIC
FORCE_15_9_13,2019,87.5,2.53,0.175,88.6,17.0,-25.0,8.5,22.4,1.15,Shale,PUBLIC
FORCE_15_9_13,2020,90.0,2.35,0.22,89.8,18.5,-25.0,8.5,18.0,1.15,Shale,PUBLIC
FORCE_15_9_13,2021,92.5,2.37,0.215,91.0,20.0,-25.0,8.5,19.1,1.15,Shale,PUBLIC
FORCE_15_9_13,2022,95.0,2.39,0.21,92.2,21.5,-25.0,8.5,20.2,1.15,Shale,PUBLIC
FORCE_15_9_13,2023,97.5,2.41,0.205,93.4,23.0,-25.0,8.5,21.3,1.15,Shale,PUBLIC
FORCE_15_9_13,2024,100.0,2.43,0.2,85.0,24.5,-25.0,8.5,22.4,1.15,Shale,PUBLIC
FORCE_15_9_13,2025,65.0,2.45,0.195,86.2,26.0,-25.0,8.5,18.0,1.15,Sandstone,PUBLIC
FORCE_15_9_13,2026,67.5,2.47,0.19,87.4,27.5,-25.0,8.5,19.1,1.15,Sandstone,PUBLIC
FORCE_15_9_13,2027,70.0,2.49,0.185,88.6,29.0,-25.0,8.5,20.2,1.15,Sandstone,PUBLIC
FORCE_15_9_13,2028,72.5,2.51,0.18,89.8,12.5,-25.0,8.5,21.3,1.15,Sandstone,PUBLIC
FORCE_15_9_13,2029,75.0,2.53,0.175,91.0,14.0,-25.0,8.5,22.4,1.15,Shale,PUBLIC
FORCE_15_9_13,2030,77.5,2.35,0.22,92.2,15.5,-25.0,8.5,18.0,1.15,Shale,PUBLIC
FORCE_15_9_13,2031,80.0,2.37,0.215,93.4,17.0,-25.0,8.5,19.1,1.15,Shale,PUBLIC
FORCE_15_9_13,2032,82.5,2.39,0.21,85.0,18.5,-25.0,8.5,20.2,1.15,Shale,PUBLIC
FORCE_15_9_13,2033,85.0,2.41,0.205,86.2,20.0,-25.0,8.5,21.3,1.15,Shale,PUBLIC
FORCE_15_9_13,2034,87.5,2.43,0.2,87.4,21.5,-25.0,8.5,22.4,1.15,Shale,PUBLIC
FORCE_15_9_13,2035,90.0,2.45,0.195,88.6,23.0,-25.0,8.5,18.0,1.15,Shale,PUBLIC
FORCE_15_9_13,2036,92.5,2.47,0.19,89.8,24.5,-25.0,8.5,19.1,1.15,Shale,PUBLIC
FORCE_15_9_13,2037,95.0,2.49,0.185,91.0,26.0,-25.0,8.5,20.2,1.15,Shale,PUBLIC
FORCE_15_9_13,2038,97.5,2.51,0.18,92.2,27.5,-25.0,8.5,21.3,1.15,Shale,PUBLIC
FORCE_15_9_13,2039,100.0,2.53,0.175,93.4,29.0,-25.0,8.5,22.4,1.15,Shale,PUBLIC
FORCE_15_9_13,2040,65.0,2.35,0.22,85.0,12.5,-25.0,8.5,18.0,1.15,Sandstone,PUBLIC
FORCE_15_9_13,2041,67.5,2.37,0.215,86.2,14.0,-25.0,8.5,19.1,1.15,Sandstone,PUBLIC
FORCE_15_9_13,2042,70.0,2.39,0.21,87.4,15.5,-25.0,8.5,20.2,1.15,Sandstone,PUBLIC
FORCE_15_9_13,2043,72.5,2.41,0.205,88.6,17.0,-25.0,8.5,21.3,1.15,Sandstone,PUBLIC
FORCE_15_9_13,2044,75.0,2.43,0.2,89.8,18.5,-25.0,8.5,22.4,1.15,Shale,PUBLIC
FORCE_15_9_13,2045,77.5,2.45,0.195,91.0,20.0,-25.0,8.5,18.0,1.15,Shale,PUBLIC
FORCE_15_9_13,2046,80.0,2.47,0.19,92.2,21.5,-25.0,8.5,19.1,1.15,Shale,PUBLIC
FORCE_15_9_13,2047,82.5,2.49,0.185,93.4,23.0,-25.0,8.5,20.2,1.15,Shale,PUBLIC
FORCE_15_9_13,2048,85.0,2.51,0.18,85.0,24.5,-25.0,8.5,21.3,1.15,Shale,PUBLIC
FORCE_15_9_13,2049,87.5,2.53,0.175,86.2,26.0,-25.0,8.5,22.4,1.15,Shale,PUBLIC
